;SEASON;PLAYER_ID;FIRST_NAME;LAST_NAME;PLAYER_NAME;POSITION;HEIGHT_WO_SHOES;HEIGHT_WO_SHOES_FT_IN;HEIGHT_W_SHOES;HEIGHT_W_SHOES_FT_IN;WEIGHT;WINGSPAN;WINGSPAN_FT_IN;STANDING_REACH;STANDING_REACH_FT_IN;BODY_FAT_PCT;HAND_LENGTH;HAND_WIDTH;STANDING_VERTICAL_LEAP;MAX_VERTICAL_LEAP;LANE_AGILITY_TIME;MODIFIED_LANE_AGILITY_TIME;THREE_QUARTER_SPRINT;BENCH_PRESS;SPOT_FIFTEEN_CORNER_LEFT;SPOT_FIFTEEN_BREAK_LEFT;SPOT_FIFTEEN_TOP_KEY;SPOT_FIFTEEN_BREAK_RIGHT;SPOT_FIFTEEN_CORNER_RIGHT;SPOT_COLLEGE_CORNER_LEFT;SPOT_COLLEGE_BREAK_LEFT;SPOT_COLLEGE_TOP_KEY;SPOT_COLLEGE_BREAK_RIGHT;SPOT_COLLEGE_CORNER_RIGHT;SPOT_NBA_CORNER_LEFT;SPOT_NBA_BREAK_LEFT;SPOT_NBA_TOP_KEY;SPOT_NBA_BREAK_RIGHT;SPOT_NBA_CORNER_RIGHT;OFF_DRIB_FIFTEEN_BREAK_LEFT;OFF_DRIB_FIFTEEN_TOP_KEY;OFF_DRIB_FIFTEEN_BREAK_RIGHT;OFF_DRIB_COLLEGE_BREAK_LEFT;OFF_DRIB_COLLEGE_TOP_KEY;OFF_DRIB_COLLEGE_BREAK_RIGHT;ON_MOVE_FIFTEEN;ON_MOVE_COLLEGE;Year
0;2018;1628959;Rawle;Alkins;Rawle Alkins;SG;74,75;6' 2.75'';76,25;6' 4.25'';217.4;80,75;6' 8.75'';99,0;8' 3'';8,9;8,5;10,0;32,5;40,5;11,5;3,09;3,15;10.0;2-5;4-5;3-5;4-5;3-5;;;;;;1-5;4-5;3-5;5-5;2-5;2-4;1-4;2-4;;;;27-34;;2018
1;2018;1628960;Grayson;Allen;Grayson Allen;SG;75,0;6' 3'';76,5;6' 4.5'';198;79,25;6' 7.25'';97,0;8' 1'';5,55;8,25;10,0;32,5;40,5;10,31;3,04;3,15;;;;;;;;;;;;;;;;;;;;;;;;;2018
2;2018;1628961;Kostas;Antetokounmpo;Kostas Antetokounmpo;PF;81,0;6' 9'';82,5;6' 10.5'';194.8;86,25;7' 2.25'';110,0;9' 2'';5,0;9,25;9,5;29,5;35,0;12,48;3,48;3,21;0.0;3-5;2-5;2-5;3-5;3-5;;;;;;2-5;1-5;3-5;3-5;4-5;2-4;1-4;1-4;;;;15-30;;2018
3;2018;1628962;Udoka;Azubuike;Udoka Azubuike;C;82,0;6' 10'';84,25;7' 0.25'';273.8;91,0;7' 7'';112,5;9' 4.5'';7,95;9,5;10,0;31,0;31,5;12,97;3,65;3,12;11.0;;;;;;;;;;;;;;;;;;;;;;;;2018
4;2018;1628964;Mohamed;Bamba;Mohamed Bamba;C;83,25;6' 11.25'';84,75;7' 0.75'';225.6;94,0;7' 10'';115,5;9' 7.5'';6,2;9,75;10,25;;;;;;;;;;;;;;;;;;;;;;;;;;;;;;2018
5;2018;1628965;Jaylen;Barford;Jaylen Barford;PG-SG;73,25;6' 1.25'';74,25;6' 2.25'';207.6;75,5;6' 3.5'';96,5;8' 0.5'';11,65;8,0;8,25;27,0;33,0;11,39;3,21;3,31;7.0;2-5;3-5;3-5;4-5;4-5;;;;;;4-5;2-5;1-5;3-6;3-5;3-4;3-4;3-4;;;;19-34;;2018
6;2018;1628966;Keita;Bates-Diop;Keita Bates-Diop;SG-SF;79,25;6' 7.25'';80,5;6' 8.5'';223.8;87,25;7' 3.25'';106,5;8' 10.5'';5,35;9,0;8,5;30,5;35,0;11,2;3,28;3,17;11.0;2-5;4-5;5-5;5-5;4-5;;;;;;3-5;3-5;1-5;3-5;4-5;1-4;1-4;3-4;;;;13-21;2-10;2018
7;2018;1628967;Tyus;Battle;Tyus Battle;SG;77,0;6' 5'';78,75;6' 6.75'';200.2;81,0;6' 9'';102,0;8' 6'';4,0;8,5;9,25;32,0;37,5;11,04;2,87;3,07;9.0;4-5;4-5;4-5;2-5;4-5;;;;;;4-5;4-5;4-5;2-5;4-5;3-4;6-8;7-10;;;;;;2018
8;2018;1628968;Brian;Bowen;Brian Bowen;SG-SF;78,25;6' 6.25'';79,5;6' 7.5'';202;82,25;6' 10.25'';103,5;8' 7.5'';7,6;9,0;10,0;30,5;34,0;11,58;3,33;3,28;0.0;2-5;3-5;3-5;3-5;2-5;;;;;;3-5;3-5;2-5;2-5;2-5;3-4;3-4;1-4;;;;17-29;;2018
9;2018;1628970;Miles;Bridges;Miles Bridges;SF;77,25;6' 5.25'';78,75;6' 6.75'';220.4;81,5;6' 9.5'';103,5;8' 7.5'';5,9;9,0;9,75;;;;;;;;;;;;;;;;;;;;;;;;;;;;;;2018
10;2018;1628971;Bruce;Brown;Bruce Brown;SG-PG;75,5;6' 3.5'';77,0;6' 5'';194.6;81,0;6' 9'';98,5;8' 2.5'';3,75;8,5;8,5;32,5;38,0;11,11;3,44;3,2;17.0;;;;;;;;;;;;;;;;;;;;;;;;2018
11;2018;1628972;Troy;Brown;Troy Brown;SF;77,75;6' 5.75'';78,75;6' 6.75'';208;82,25;6' 10.25'';105,0;8' 9'';7,05;9,0;9,75;26,0;33,0;11,51;3,29;3,33;5.0;;;;;;;;;;;;;;;;;;;;;;;;2018
12;2018;1628973;Jalen;Brunson;Jalen Brunson;PG;73,0;6' 1'';74,25;6' 2.25'';198.4;76,0;6' 4'';96,0;8' 0'';6,7;8,25;9,25;29,0;37,0;10,59;3,11;3,15;7.0;;;;;;;;;;;;;;;;;;;;;;;;2018
13;2018;1628974;Tony;Carr;Tony Carr;PG;75,0;6' 3'';76,5;6' 4.5'';198.8;80,25;6' 8.25'';100,0;8' 4'';6,5;8,5;9,75;25,0;31,5;11,89;3,4;3,17;0.0;2-5;4-5;4-5;4-5;5-5;;;;;;5-5;4-5;4-5;3-5;4-5;2-4;1-4;3-4;;;;20-29;;2018
14;2018;1628975;Jevon;Carter;Jevon Carter;PG;72,25;6' 0.25'';73,5;6' 1.5'';196.2;76,25;6' 4.25'';95,0;7' 11'';4,15;9,25;8,5;29,0;36,5;11,04;3,05;3,18;14.0;3-5;4-5;3-5;4-5;3-5;;;;;;5-5;3-5;4-5;3-5;3-5;2-4;1-4;4-4;;;;22-31;;2018
15;2018;1628976;Wendell;Carter;Wendell Carter;C-PF;80,75;6' 8.75'';82,0;6' 10'';251.4;88,5;7' 4.5'';109,0;9' 1'';7,85;8,5;9,0;;;;;;;;;;;;;;;;;;;;;;;;;;;;;;2018
16;2018;1628978;Donte;DiVincenzo;Donte DiVincenzo;SG;75,5;6' 3.5'';76,5;6' 4.5'';200.6;78,0;6' 6'';97,5;8' 1.5'';5,0;8,25;9,0;34,5;42,0;10,72;3,12;3,11;12.0;5-5;5-5;4-5;4-5;5-5;;;;;;2-5;2-5;4-5;4-5;3-5;2-4;3-4;4-4;;;;14-29;;2018
17;2018;1628977;Hamidou;Diallo;Hamidou Diallo;SG;76,25;6' 4.25'';78,0;6' 6'';197;83,5;6' 11.5'';103,0;8' 7'';4,45;8,75;9,0;32,5;40,5;10,53;3,14;3,1;1.0;;;;;;;;;;;;;;;;;;;;;;;;2018
18;2018;1628979;Trevon;Duval;Trevon Duval;PG;73,5;6' 1.5'';74,5;6' 2.5'';191;80,25;6' 8.25'';97,5;8' 1.5'';5,2;8,75;10,0;34,0;41,5;10,93;3,09;3,18;6.0;;;;;;;;;;;;;;;;;;;;;;;;2018
19;2018;1629035;Carsen;Edwards;Carsen Edwards;PG;70,75;5' 10.75'';72,0;6' 0'';195.6;78,25;6' 6.25'';94,5;7' 10.5'';6,3;8,5;9,25;28,5;34,5;11,59;3,15;3,2;12.0;5-5;3-5;3-5;2-5;4-5;;;;;;2-5;5-5;3-5;4-5;3-5;3-4;3-4;1-4;;;;22-25;;2018
20;2018;1629037;Keenan;Evans;Keenan Evans;PG;73,5;6' 1.5'';75,0;6' 3'';183.2;77,25;6' 5.25'';98,0;8' 2'';6,5;8,5;8,0;;;;;;;;;;;;;;;;;;;;;;;;;;;;;;2018
21;2018;1628980;Jacob;Evans;Jacob Evans;SG-SF;76,25;6' 4.25'';77,5;6' 5.5'';199.6;81,25;6' 9.25'';102,5;8' 6.5'';6,5;9,0;9,25;28,0;35,5;11,11;3,14;3,2;8.0;;;;;;;;;;;;;;;;;;;;;;;;2018
22;2018;1628981;Bruno;Fernando;Bruno Fernando;C;80,75;6' 8.75'';81,75;6' 9.75'';233.2;88,25;7' 4.25'';109,0;9' 1'';5,25;9,5;10,0;29,0;35,0;12,19;3,03;3,23;11.0;;;;;;3-5;3-5;4-5;3-5;3-5;4-5;2-5;4-5;3-5;3-5;2-4;1-4;2-4;2-4;2-4;2-4;21-30;;2018
23;2018;1628982;Melvin;Frazier;Melvin Frazier;SF-SG;76,5;6' 4.5'';78,0;6' 6'';198.2;85,75;7' 1.75'';105,0;8' 9'';7,9;9,5;9,5;31,0;40,5;11,24;3,08;3,08;0.0;;;;;;;;;;;;;;;;;;;;;;;;2018
24;2018;1628983;Shai;Gilgeous-Alexander;Shai Gilgeous-Alexander;PG;76,5;6' 4.5'';78,0;6' 6'';180;83,5;6' 11.5'';104,0;8' 8'';3,0;9,0;9,0;;;;;;;;;;;;;;;;;;;;;;;;;;;;;;2018
25;2018;1628984;Devonte;Graham;Devonte Graham;PG;72,25;6' 0.25'';73,5;6' 1.5'';186.4;78,25;6' 6.25'';96,0;8' 0'';4,8;8,5;9,5;31,0;37,0;11,28;3,15;3,21;14.0;3-5;3-5;2-5;2-5;3-5;;;;;;3-5;3-5;3-5;4-5;2-5;2-4;1-4;3-4;;;;23-35;;2018
26;2018;1629036;Isaac;Haas;Isaac Haas;C;85,25;7' 1.25'';86,75;7' 2.75'';303;89,0;7' 5'';111,5;9' 3.5'';12,55;10,0;10,5;;;;;;;;;;;;;;;;;;;;;;;;;;;;;;2018
27;2018;1628985;Devon;Hall;Devon Hall;SG;76,25;6' 4.25'';78,0;6' 6'';206.4;79,75;6' 7.75'';102,0;8' 6'';8,45;8,5;10,0;25,0;31,0;10,95;3,16;3,27;6.0;3-5;5-5;3-5;5-5;3-5;;;;;;4-5;4-5;4-5;3-5;4-5;2-4;3-4;3-4;2-4;3-4;4-4;25-34;;2018
28;2018;1628986;Jaylen;Hands;Jaylen Hands;PG;73,5;6' 1.5'';74,75;6' 2.75'';179;77,5;6' 5.5'';98,0;8' 2'';5,0;8,0;8,0;31,5;39,5;12,11;3,16;3,13;6.0;3-5;5-5;3-5;5-5;3-5;;;;;;2-5;3-5;3-5;1-5;3-5;2-4;3-4;1-4;;;;22-34;;2018
29;2018;1628987;Kevin;Hervey;Kevin Hervey;PF;78,5;6' 6.5'';79,75;6' 7.75'';211.6;87,5;7' 3.5'';107,0;8' 11'';5,15;9,25;10,25;27,5;32,0;11,28;3,15;3,36;4.0;;;;;;3-5;3-5;3-5;4-5;3-5;3-5;3-5;3-5;3-5;3-5;2-4;1-4;2-4;2-4;3-4;2-4;28-36;;2018
30;2018;1628988;Aaron;Holiday;Aaron Holiday;PG;71,75;5' 11.75'';72,75;6' 0.75'';187;79,5;6' 7.5'';97,0;8' 1'';6,4;8,75;8,5;25,5;33,0;10,96;3,22;3,27;;5-5;3-5;4-5;3-5;5-5;;;;;;3-5;5-5;5-5;3-5;3-5;0-4;3-4;3-4;;;;;18-28;2018
31;2018;1628989;Kevin;Huerter;Kevin Huerter;SG;78,25;6' 6.25'';79,25;6' 7.25'';194;79,5;6' 7.5'';101,5;8' 5.5'';8,6;8,25;8,5;31,0;38,0;10,89;2,97;3,09;9.0;;;;;;3-5;3-5;2-5;3-5;5-5;3-5;4-5;3-5;5-5;5-5;1-4;2-4;1-4;1-4;3-4;3-4;27-31;;2018
32;2018;1628991;Jaren;Jackson;Jaren Jackson;PF-C;81,75;6' 9.75'';83,25;6' 11.25'';236;89,25;7' 5.25'';110,0;9' 2'';7,2;10,0;10,0;;;;;;;;;;;;;;;;;;;;;;;;;;;;;;2018
33;2018;1628992;Justin;Jackson;Justin Jackson;PF;78,0;6' 6'';78,75;6' 6.75'';229.4;87,0;7' 3'';105,0;8' 9'';8,9;9,0;9,5;;;;;;;;;;;;;;;;;;;;;;;;;;;;;;2018
34;2018;1628993;Alize;Johnson;Alize Johnson;PF;79,25;6' 7.25'';80,0;6' 8'';216.6;80,75;6' 8.75'';103,0;8' 7'';8,1;8,5;9,75;25,0;31,0;11,83;3,28;3,38;8.0;1-5;3-5;5-5;1-5;2-5;;;;;;2-5;2-5;2-5;3-5;2-5;2-4;3-4;1-4;;;;15-30;;2018
35;2018;1628994;George;King;George King;SF-SG;76,75;6' 4.75'';78,0;6' 6'';218.6;83,5;6' 11.5'';101,5;8' 5.5'';7,25;9,0;10,25;31,0;39,0;10,75;3,08;3,29;15.0;4-5;3-5;4-5;4-5;3-5;;;;;;3-5;1-5;4-5;2-5;2-5;2-4;3-4;3-4;2-4;3-4;2-4;19-28;;2018
36;2018;1628995;Kevin;Knox;Kevin Knox;SF;79,75;6' 7.75'';81,0;6' 9'';212.6;83,75;6' 11.75'';108,0;9' 0'';4,95;8,75;9,25;;;;;;;;;;;;;;;;;;;;;;;;;;;;;;2018
37;2018;1628996;Sagaba;Konate;Sagaba Konate;C;78,5;6' 6.5'';79,5;6' 7.5'';246;84,0;7' 0'';106,5;8' 10.5'';7,35;9,25;10,0;31,5;35,0;12,28;3,36;3,28;12.0;3-5;4-5;3-5;3-5;3-5;;;;;;3-5;2-5;3-5;0-5;3-5;3-4;2-4;4-4;;;;19-31;;2018
38;2018;1628997;Caleb;Martin;Caleb Martin;SF-SG;76,75;6' 4.75'';78,0;6' 6'';195.8;82,0;6' 10'';101,5;8' 5.5'';7,0;8,5;8,75;29,0;36,5;10,43;2,75;3,26;6.0;4-5;5-5;4-5;3-5;2-5;;;;;;1-5;3-5;3-5;3-5;3-5;2-4;1-4;2-4;2-4;2-4;3-4;20-29;;2018
39;2018;1628998;Cody;Martin;Cody Martin;SG-SF;76,75;6' 4.75'';78,0;6' 6'';188.6;82,25;6' 10.25'';102,5;8' 6.5'';5,45;8,5;9,0;29,0;36,5;10,64;3,05;3,09;4.0;1-5;3-5;3-5;3-5;2-5;;;;;;5-5;3-5;1-5;4-5;3-5;2-4;3-4;3-4;3-4;4-4;2-4;19-23;;2018
40;2018;1628999;Yante;Maten;Yante Maten;PF-C;79,25;6' 7.25'';80,5;6' 8.5'';246.2;84,5;7' 0.5'';107,5;8' 11.5'';8,1;9,25;10,0;27,0;31,5;11,35;3,13;3,17;18.0;3-5;3-5;2-5;4-5;2-5;;;;;;4-5;3-5;1-5;3-5;3-5;4-8;3-8;5-8;;;;16-27;;2018
41;2018;1629000;Brandon;McCoy;Brandon McCoy;C;83,5;6' 11.5'';84,5;7' 0.5'';250.4;86,0;7' 2'';110,5;9' 2.5'';8,7;9,75;9,5;27,5;32,0;11,77;3,31;3,23;9.0;3-4;3-5;2-5;3-5;4-5;;;;;;4-5;4-5;1-5;4-5;1-5;1-4;3-4;2-4;;;;19-28;;2018
42;2018;1629001;DeAnthony;Melton;DeAnthony Melton;SG-PG;74,25;6' 2.25'';75,25;6' 3.25'';193.2;80,5;6' 8.5'';99,5;8' 3.5'';5,2;8,5;9,5;31,0;36,5;11,48;3,33;3,23;1.0;4-5;3-5;5-5;1-5;1-5;;;;;;4-5;3-5;2-5;2-5;3-5;2-4;4-4;3-4;;;;18-29;;2018
43;2018;1629002;Chimezie;Metu;Chimezie Metu;PF-C;80,5;6' 8.5'';81,5;6' 9.5'';219.6;84,5;7' 0.5'';108,0;9' 0'';5,05;9,0;9,25;29,5;36,0;11,89;3,25;3,33;5.0;;;;;;3-5;2-5;3-5;2-5;3-5;2-5;3-5;5-5;3-5;3-5;4-4;1-4;1-4;;;;;22-31;2018
44;2018;1629003;Shake;Milton;Shake Milton;SG-PG;76,5;6' 4.5'';77,5;6' 5.5'';207.2;84,75;7' 0.75'';99,5;8' 3.5'';6,8;8,75;9,5;30,0;33,0;11,07;3,19;3,25;2.0;;;;;;4-5;2-5;3-5;4-5;2-5;2-5;3-5;3-5;4-5;5-5;3-4;2-4;2-4;1-4;2-4;2-4;20-28;;2018
45;2018;1629004;Sviatoslav;Mykhailiuk;Sviatoslav Mykhailiuk;SG-SF;78,5;6' 6.5'';79,75;6' 7.75'';211.6;76,75;6' 4.75'';100,0;8' 4'';8,45;8,25;9,5;30,5;37,0;11,25;3,18;3,15;4.0;2-5;4-5;2-5;3-5;5-5;;;;;;3-5;4-5;4-5;3-5;4-5;7-8;6-8;5-8;;;;;;2018
46;2018;1629005;Malik;Newman;Malik Newman;SG;74,5;6' 2.5'';75,25;6' 3.25'';189.2;77,5;6' 5.5'';98,5;8' 2.5'';6,25;8,5;9,5;27,5;33,5;10,9;3,18;3,13;;;;;;;;;;;;;;;;;;;;;;;;;2018
47;2018;1629006;Josh;Okogie;Josh Okogie;SG;75,0;6' 3'';76,5;6' 4.5'';210.8;84,0;7' 0'';102,0;8' 6'';5,2;9,0;9,75;33,0;42,0;11,08;3,03;3,04;12.0;4-5;5-5;5-5;5-5;4-5;;;;;;3-5;2-5;4-5;4-5;3-5;2-4;4-4;4-4;;;;16-31;;2018
48;2018;1629033;Theo;Pinson;Theo Pinson;SG-SF;77,0;6' 5'';78,75;6' 6.75'';211.2;82,75;6' 10.75'';103,5;8' 7.5'';7,35;9,0;9,0;27,0;34,0;11,53;3,11;3,22;7.0;3-5;4-5;5-5;2-5;5-5;;;;;;2-5;3-5;2-5;3-5;4-5;1-4;1-4;1-4;;;;17-35;;2018
49;2018;1629007;Jontay;Porter;Jontay Porter;C-PF;82,0;6' 10'';83,5;6' 11.5'';236;84,25;7' 0.25'';109,0;9' 1'';13,85;8,75;9,5;25,5;31,0;11,9;3,07;3,4;9.0;4-5;3-5;4-5;4-5;3-5;;;;;;2-5;5-5;3-5;2-5;4-5;1-4;3-4;3-4;;;;5-10;11-19;2018
50;2018;1629008;Michael;Porter;Michael Porter;SF-PF;81,5;6' 9.5'';82,75;6' 10.75'';211;84,25;7' 0.25'';108,5;9' 0.5'';6,4;8,75;9,25;;;;;;;;;;;;;;;;;;;;;;;;;;;;;;2018
51;2018;1629009;Billy;Preston;Billy Preston;PF;80,75;6' 8.75'';82,5;6' 10.5'';222.4;86,0;7' 2'';108,0;9' 0'';5,45;9,25;9,5;25,0;33,0;11,26;3,35;3,2;0.0;;;;;;;;;;;;;;;;;;;;;;;;2018
52;2018;1629010;Jerome;Robinson;Jerome Robinson;SG;76,0;6' 4'';77,0;6' 5'';188.4;79,25;6' 7.25'';98,0;8' 2'';6,05;9,0;10,0;;;;;;;;;;;;;;;;;;;;;;;;;;;;;;2018
53;2018;1629012;Collin;Sexton;Collin Sexton;PG;72,5;6' 0.5'';73,5;6' 1.5'';183;79,25;6' 7.25'';98,5;8' 2.5'';5,6;8,25;8,5;;;;;;;;;;;;;;;;;;;;;;;;;;;;;;2018
54;2018;1629013;Landry;Shamet;Landry Shamet;PG;76,0;6' 4'';77,25;6' 5.25'';188.6;78,75;6' 6.75'';100,0;8' 4'';4,85;8,0;9,0;31,0;39,5;11,26;3,21;3,11;8.0;4-5;4-5;5-5;4-5;4-5;;;;;;4-5;5-5;3-5;3-5;3-5;3-4;3-4;3-4;;;;26-35;;2018
55;2018;1629014;Anfernee;Simons;Anfernee Simons;SG-PG;74,25;6' 2.25'';75,25;6' 3.25'';183.2;81,25;6' 9.25'';99,5;8' 3.5'';7,7;8,75;9,0;32,0;41,5;11,27;3,16;3,1;1.0;;;;;;;;;;;;;;;;;;;;;;;;2018
56;2018;1629015;Zhaire;Smith;Zhaire Smith;SF-SG;74,75;6' 2.75'';76,0;6' 4'';198.6;81,75;6' 9.75'';100,0;8' 4'';6,05;8,75;8,25;33,0;41,5;11,02;3,15;3,05;10.0;;;;;;;;;;;;;;;;;;;;;;;;2018
57;2018;1629034;Ray;Spalding;Ray Spalding;PF;81,0;6' 9'';82,25;6' 10.25'';215.4;88,75;7' 4.75'';109,0;9' 1'';5,55;9,25;9,0;26,0;32,0;11,48;3,2;3,34;12.0;;;;;;3-5;3-5;4-5;3-5;4-5;4-5;2-5;4-5;3-5;3-5;1-4;1-4;3-4;1-4;3-4;2-4;15-30;;2018
58;2018;1629016;Omari;Spellman;Omari Spellman;PF-C;80,0;6' 8'';81,25;6' 9.25'';253.8;86,0;7' 2'';107,5;8' 11.5'';13,75;9,0;9,0;28,5;35,5;12,28;3,35;3,38;8.0;4-5;2-5;4-5;3-5;4-5;;;;;;2-5;4-5;3-5;2-5;2-5;3-4;2-4;1-4;;;;18-30;;2018
59;2018;1629017;Khyri;Thomas;Khyri Thomas;SG;74,5;6' 2.5'';75,75;6' 3.75'';198.8;82,5;6' 10.5'';101,0;8' 5'';6,4;8,75;9,25;30,0;35,0;10,96;3,18;3,18;14.0;;;;;;;;;;;;;;;;;;;;;;;;2018
60;2018;1629018;Gary;Trent;Gary Trent;SG;76,25;6' 4.25'';77,75;6' 5.75'';204.2;80,75;6' 8.75'';98,0;8' 2'';7,0;8,5;9,5;33,5;39,5;11,37;2,99;3,12;12.0;1-5;4-5;4-5;3-5;4-5;;;;;;3-5;3-5;5-5;3-5;2-5;4-4;3-4;4-4;;;;18-25;;2018
61;2018;1629019;Allonzo;Trier;Allonzo Trier;SG;75,75;6' 3.75'';77,25;6' 5.25'';198;78,75;6' 6.75'';98,0;8' 2'';4,95;8,25;10,5;32,0;40,0;11,02;2,97;3,14;11.0;;;;;;5-5;4-5;4-5;5-5;5-5;4-5;2-5;4-5;4-5;3-5;4-4;1-4;1-4;2-4;4-4;4-4;20-28;;2018
62;2018;1629021;Moritz;Wagner;Moritz Wagner;C-PF;82,5;6' 10.5'';83,5;6' 11.5'';241.4;84,0;7' 0'';108,0;9' 0'';6,75;9,0;10,75;27,0;34,0;11,48;3,07;3,18;8.0;;;;;;;;;;;;;;;;;;;;;;;;2018
63;2018;1629022;Lonnie;Walker;Lonnie Walker;SG;75,75;6' 3.75'';76,5;6' 4.5'';196.2;82,25;6' 10.25'';99,5;8' 3.5'';5,65;9,0;9,5;31,5;40,0;10,87;2,91;3,06;12.0;;;;;;;;;;;;;;;;;;;;;;;;2018
64;2018;1629023;PJ;Washington;PJ Washington;PF;78,5;6' 6.5'';80,0;6' 8'';223;86,5;7' 2.5'';107,0;8' 11'';6,85;9,0;10,25;27,0;34,0;11,39;3,43;3,2;3.0;3-5;3-5;1-5;1-5;4-5;;;;;;0-5;2-5;4-5;2-5;1-5;1-4;2-4;0-4;;;;20-32;;2018
65;2018;1629024;Austin;Wiley;Austin Wiley;C;80,25;6' 8.25'';82,0;6' 10'';249.4;89,0;7' 5'';111,0;9' 3'';5,0;9,75;10,25;28,0;33,5;12,79;3,27;3,3;14.0;2-5;3-5;3-5;1-5;2-5;;;;;;0-5;2-5;4-5;3-5;1-5;1-4;0-4;1-4;2-4;3-4;3-4;18-29;;2018
66;2018;1629025;Kris;Wilkes;Kris Wilkes;SF;78,5;6' 6.5'';79,5;6' 7.5'';205;82,25;6' 10.25'';103,5;8' 7.5'';5,15;8,75;9,25;28,0;35,5;11,29;3,16;3,24;1.0;3-5;4-5;2-5;2-5;3-5;;;;;;4-5;2-5;4-5;1-5;2-5;2-4;1-4;1-4;;;;16-32;;2018
67;2018;1629026;Kenrich;Williams;Kenrich Williams;SF;78,0;6' 6'';79,5;6' 7.5'';200.4;79,25;6' 7.25'';103,5;8' 7.5'';5,95;8,5;9,75;28,0;33,0;10,86;3,28;3,19;14.0;4-5;2-5;3-5;4-5;3-5;;;;;;4-5;1-5;4-5;4-5;1-5;3-8;2-8;2-8;;;;19-29;;2018
68;2018;1629027;Trae;Young;Trae Young;PG;72,5;6' 0.5'';73,75;6' 1.75'';177.8;75,0;6' 3'';95,5;7' 11.5'';5,35;8,0;9,25;;;;;;;;;;;;;;;;;;;;;;;;;;;;;;2018
69;2019;1629638;Nickeil;Alexander-Walker;Nickeil Alexander-Walker;SG;76,25;6' 4.25'';77,5;6' 5.5'';203.8;81,5;6' 9.5'';102,0;8' 6'';5,9;8,5;8,75;;;;;;;;;;;;;;;;;;;;;;;;;;;;;;2019
70;2019;1629628;RJ;Barrett;RJ Barrett;SF;;;;;;;;;;;;;;;;;;;;;;;;;;;;;;;;;;;;;;;;;;2019
71;2019;1629646;Charles;Bassey;Charles Bassey;C;80,75;6' 8.75'';82,0;6' 10'';239;87,5;7' 3.5'';109,5;9' 1.5'';8,5;9,25;9,5;29,0;33,0;12,65;3,27;3,53;7.0;4-5;4-5;3-5;4-5;3-5;;;;;;2-5;2-5;3-5;2-5;3-5;1-4;1-4;3-4;;;;23-34;;2019
72;2019;1629647;Darius;Bazley;Darius Bazley;PF;79,75;6' 7.75'';81,0;6' 9'';208.4;84,0;7' 0'';107,0;8' 11'';3,6;9,0;9,75;30,5;37,0;11,09;2,95;3,27;4.0;;;;;;4-5;2-5;3-5;1-5;1-5;3-5;2-5;4-5;3-5;4-5;2-4;0-4;2-4;;;;19-31;;2019
73;2019;1629626;Bol;Bol;Bol Bol;C;84,75;7' 0.75'';86,5;7' 2.5'';208;91,0;7' 7'';115,5;9' 7.5'';7,1;9,25;9,5;;;;;;;;;;;;;;;;;;;;;;;;;;;;;;2019
74;2019;1629648;Jordan;Bone;Jordan Bone;SG;73,5;6' 1.5'';74,75;6' 2.75'';179;75,25;6' 3.25'';95,0;7' 11'';5,0;7,5;9,25;36,0;42,5;9,97;2,78;3,08;7.0;;;;;;3-5;4-5;4-5;4-5;5-5;3-5;5-5;5-5;2-5;2-5;3-4;2-4;2-4;;;;21-34;;2019
75;2019;1628968;Brian;Bowen II;Brian Bowen II;SF;78,25;6' 6.25'';79,5;6' 7.5'';200;82,0;6' 10'';103,0;8' 7'';6,5;8,5;9,75;32,0;35,5;10,98;3,21;3,26;1.0;;;;;;;;;;;;;;;;;;;;;;6-11;;2019
76;2019;1629065;Ky;Bowman;Ky Bowman;PG;73,0;6' 1'';74,25;6' 2.25'';181.2;79,0;6' 7'';98,0;8' 2'';4,9;8,25;9,0;27,5;33,0;11,11;3,11;3,26;4.0;;;;;;3-5;4-5;4-5;5-5;2-5;4-5;2-5;3-5;2-5;3-5;3-4;3-4;1-4;;;;23-36;;2019
77;2019;1629649;Ignas;Brazdeikis;Ignas Brazdeikis;SF;77,75;6' 5.75'';79,25;6' 7.25'';220.8;81,25;6' 9.25'';102,0;8' 6'';6,0;8,75;9,5;31,0;36,5;11,06;3,17;3,36;13.0;;;;;;5-5;4-5;4-5;1-5;3-5;4-5;4-5;2-5;4-5;4-5;1-4;2-4;3-4;;;;27-32;;2019
78;2019;1629052;O'Shae;Brissett;O'Shae Brissett;SF-PF;79,0;6' 7'';80,0;6' 8'';203.2;84,0;7' 0'';104,0;8' 8'';2,9;9,0;9,5;34,0;37,5;11,3;3,18;3,48;11.0;;;;;;4-5;5-5;3-5;5-5;1-5;0-5;4-5;4-5;4-5;2-5;2-4;3-4;3-4;4-4;3-4;3-4;8-10;8-10;2019
79;2019;1629650;Moses;Brown;Moses Brown;C;85,25;7' 1.25'';86,5;7' 2.5'';237.2;88,75;7' 4.75'';113,0;9' 5'';7,8;9,5;10,25;27,0;31,0;11,95;3,3;3,51;;;;;;;;;;;;;;;;;;;;;;;;;2019
80;2019;1629634;Brandon;Clarke;Brandon Clarke;SF;79,25;6' 7.25'';80,25;6' 8.25'';207.2;80,25;6' 8.25'';102,0;8' 6'';4,9;8,25;9,5;34,0;40,5;10,61;3,05;3,15;10.0;4-5;4-5;4-5;4-5;2-4;;;;;;2-5;3-5;1-5;3-5;2-5;3-4;2-4;3-4;;;;20-32;;2019
81;2019;1629651;Nicolas;Claxton;Nicolas Claxton;C;82,0;6' 10'';83,75;6' 11.75'';216.6;86,5;7' 2.5'';110,0;9' 2'';4,5;9,25;9,5;31,5;36,5;11,26;3,47;3,36;8.0;;;;;;1-5;3-5;5-5;3-5;3-5;2-5;4-5;3-5;2-5;3-5;3-4;3-4;0-4;;;;9-28;;2019
82;2019;1629076;Tyler;Cook;Tyler Cook;PF;79,25;6' 7.25'';80,75;6' 8.75'';245.4;84,5;7' 0.5'';106,5;8' 10.5'';6,1;9,5;10,75;27,5;32,0;11,32;3,1;3,28;11.0;;;;;;3-5;4-5;3-5;1-5;3-5;3-5;3-5;2-5;3-5;0-5;0-4;2-4;1-4;;;;15-30;;2019
83;2019;1629633;Jarrett;Culver;Jarrett Culver;SG;77,25;6' 5.25'';78,75;6' 6.75'';194.2;81,5;6' 9.5'';100,5;8' 4.5'';5,0;8,25;8,5;;;;;;;;;;;;;;;;;;;;;;;;;;;;;;2019
84;2019;1629056;Terence;Davis;Terence Davis;SG;75,0;6' 3'';76,5;6' 4.5'';192.4;80,75;6' 8.75'';101,0;8' 5'';4,1;9,25;10,75;29,5;34,0;10,69;2,96;3,28;13.0;;;;;;5-5;3-5;2-5;3-5;4-5;4-5;3-5;5-5;3-5;4-5;3-4;3-4;2-4;;;;20-33;;2019
85;2019;1629652;Luguentz;Dort;Luguentz Dort;PG;74,75;6' 2.75'';76,25;6' 4.25'';222.2;80,5;6' 8.5'';99,5;8' 3.5'';5,0;8,5;9,0;32,5;38,0;10,79;3,13;3,22;14.0;;;;;;;;;;;;;;;;;;;;;;;;2019
86;2019;1629653;Devon;Dotson;Devon Dotson;PG;72,0;6' 0'';74,0;6' 2'';178.6;75,25;6' 3.25'';95,5;7' 11.5'';5,9;8,25;9,5;30,0;38,5;10,63;2,8;3,04;7.0;;;;;;1-5;3-5;3-5;3-5;4-5;4-5;3-5;3-5;2-5;3-5;2-4;3-4;1-4;;;;22-32;;2019
87;2019;1629654;Carsen;Edwards;Carsen Edwards;PG;70,75;5' 10.75'';72,25;6' 0.25'';199.4;78,0;6' 6'';94,5;7' 10.5'';5,5;8,75;9,0;28,5;34,0;10,53;2,82;3,22;14.0;4-5;4-5;4-5;4-5;5-5;;;;;;4-4;3-5;3-5;3-5;2-5;3-4;3-4;1-4;;;;21-33;;2019
88;2019;1629605;Tacko;Fall;Tacko Fall;C;89,25;7' 5.25'';91,0;7' 7'';288.8;98,25;8' 2.25'';122,5;10' 2.5'';6,8;10,5;10,5;22,0;26,5;13,01;3,46;3,78;8.0;;;;;;0-5;1-5;0-5;2-5;1-5;1-5;0-5;1-5;1-5;0-5;2-4;2-4;0-4;;;;19-32;;2019
89;2019;1628981;Bruno;Fernando;Bruno Fernando;C;80,75;6' 8.75'';82,25;6' 10.25'';237;87,25;7' 3.25'';110,0;9' 2'';5,4;9,25;10,0;29,5;33,5;11,29;3,05;3,21;13.0;;;;;;;;;;;;;;;;;;;;;;22-31;;2019
90;2019;1629655;Daniel;Gafford;Daniel Gafford;PF;81,25;6' 9.25'';82,5;6' 10.5'';237.6;86,5;7' 2.25'';110,0;9' 2'';5,9;9,25;9,25;32,5;36,5;11,61;3,19;3,25;5.0;;;;;;;;;;;;;;;;;;;;;;;;2019
91;2019;1629636;Darius;Garland;Darius Garland;PG;;;;;;;;;;;;;;;;;;;;;;;;;;;;;;;;;;;;;;;;;;2019
92;2019;1629656;Quentin;Grimes;Quentin Grimes;SG;76,0;6' 4'';77,25;6' 5.25'';209.6;79,75;6' 7.75'';100,5;8' 4.5'';8,4;8,25;10,0;27,5;36,0;10,83;3,28;3,2;6.0;;;;;;4-5;2-5;3-5;4-5;3-5;3-5;4-5;2-5;3-5;4-5;3-4;3-4;3-4;3-4;3-4;1-4;6-10;7-10;2019
93;2019;1629657;Kyle;Guy;Kyle Guy;SG;72,75;6' 0.75'';74,25;6' 2.25'';167.8;76,5;6' 4.5'';95,5;7' 11.5'';5,7;8,0;8,75;30,5;36,5;10,48;3,07;3,27;4.0;;;;;;4-5;5-5;2-5;5-5;4-5;4-5;4-5;3-5;5-5;4-5;2-4;2-4;4-4;;;;23-39;;2019
94;2019;1628986;Jaylen;Hands;Jaylen Hands;PG;73,5;6' 1.5'';75,0;6' 3'';180.4;77,5;6' 5.5'';97,0;8' 1'';5,1;8,0;8,25;33,0;41,5;10,73;3,03;3,12;6.0;;;;;;3-5;4-5;3-5;4-5;3-5;2-5;2-5;4-5;4-5;3-5;;;;3-4;2-4;1-4;22-32;;2019
95;2019;1629607;Jared;Harper;Jared Harper;PG;69,75;5' 9.75'';71,0;5' 11'';169.2;77,5;6' 5.5'';94,0;7' 10'';3,9;8,25;9,5;33,5;40,5;10,77;3,02;3,04;8.0;;;;;;4-5;5-5;4-5;3-5;5-5;5-5;4-5;4-5;4-5;4-5;0-4;2-4;2-4;;;;17-30;;2019
96;2019;1629637;Jaxson;Hayes;Jaxson Hayes;PF;82,25;6' 10.25'';83,5;6' 11.5'';218.6;87,5;7' 3.5'';110,5;9' 2.5'';5,0;9,25;10,5;27,0;34,5;11,74;3,23;3,37;5.0;;;;;;;;;;;;;;;;;;;;;;;;2019
97;2019;1629608;Dewan;Hernandez;Dewan Hernandez;C;81,0;6' 9'';82,25;6' 10.25'';232.8;85,75;7' 1.75'';107,0;8' 11'';6,1;9,5;10,25;30,5;35,5;11,46;3,25;3,28;13.0;;;;;;3-5;3-5;1-5;2-5;4-5;3-5;1-5;3-5;4-5;2-5;3-4;2-4;3-4;3-4;2-4;2-4;5-12;8-12;2019
98;2019;1629639;Tyler;Herro;Tyler Herro;SG;76,5;6' 4.5'';78,0;6' 6'';192.4;75,25;6' 3.25'';100,5;8' 4.5'';7,1;8,0;8,75;;;;;;;;;;;;;;;;;;;;;;;;;;;;;;2019
99;2019;1629658;Jalen;Hoard;Jalen Hoard;PF;79,25;6' 7.25'';81,0;6' 9'';212.6;84,75;7' 0.75'';105,5;8' 9.5'';6,7;8,75;9,75;27,5;35,5;11,44;3,32;3,34;8.0;;;;;;2-5;1-5;3-5;4-5;0-5;4-5;3-5;2-5;2-5;3-5;3-4;2-4;1-4;;;;19-30;;2019
100;2019;1629659;Talen;Horton-Tucker;Talen Horton-Tucker;SG;74,5;6' 2.5'';76,0;6' 4'';235.4;85,25;7' 1.25'';103,0;8' 7'';8,4;9,5;9,75;26,0;34,5;11,34;3,43;3,34;10.0;;;;;;;;;;;;;;;;;;;;;;;;2019
101;2019;1629631;De'Andre;Hunter;De'Andre Hunter;;;;;;;;;;;;;;;;;;;;;;;;;;;;;;;;;;;;;;;;;;;2019
102;2019;1629610;DaQuan;Jeffries;DaQuan Jeffries;SF-PF;76,0;6' 4'';77,0;6' 5'';215.6;83,25;6' 11.25'';104,0;8' 8'';3,9;9,5;10,25;;;;;;;;;;;;4-6;5-6;3-4;5-5;4-5;3-5;4-6;2-6;3-5;4-5;2-4;3-4;1-4;;;;17-31;;2019
103;2019;1629660;Ty;Jerome;Ty Jerome;PG;76,25;6' 4.25'';77,5;6' 5.5'';194.4;76,0;6' 4'';98,0;8' 2'';6,5;8,25;9,5;26,0;31,5;11,21;3,12;3,4;2.0;;;;;;;;;;;;;;;;;;;;;;;;2019
104;2019;1629640;Keldon;Johnson;Keldon Johnson;SG;76,75;6' 4.75'';78,0;6' 6'';216.4;81,25;6' 9.25'';104,0;8' 8'';5,6;8,0;9,25;;;;;;;;;;;;;;;;;;;;;;;;;;;;;;2019
105;2019;1629661;Cameron;Johnson;Cameron Johnson;SG;79,0;6' 7'';80,5;6' 8.5'';205.2;82,0;6' 10'';103,0;8' 7'';5,8;8,0;8,5;30,5;36,5;10,52;3,28;3,26;;;;;;;;;;;;;;;;;;;;;;;;;2019
106;2019;1629662;Mfiondu;Kabengele;Mfiondu Kabengele;PF;80,75;6' 8.75'';82,25;6' 10.25'';256.2;87,0;7' 3'';109,5;9' 1.5'';5,1;9,25;10,75;28,0;35,5;11,21;3,3;3,25;6.0;2-3;5-5;3-5;2-5;4-5;;;;;;5-5;4-5;2-5;3-5;3-5;1-4;2-4;4-4;;;;22-32;;2019
107;2019;1629663;Louis;King;Louis King;SF;78,75;6' 6.75'';80,0;6' 8'';195.2;84,25;7' 0.25'';104,5;8' 8.5'';4,8;8,0;8,5;29,0;33,0;10,99;3,05;3,28;0.0;;;;;;3-5;5-5;3-5;3-5;3-5;4-5;2-5;2-5;3-5;3-5;3-4;2-4;3-4;;;;20-29;;2019
108;2019;1629641;Romeo;Langford;Romeo Langford;SG;76,5;6' 4.5'';78,0;6' 6'';;83,0;6' 11'';103,0;8' 7'';;9,0;9,0;;;;;;;;;;;;;;;;;;;;;;;;;;;;;;2019
109;2019;1629664;Dedric;Lawson;Dedric Lawson;PF;79,0;6' 7'';80,5;6' 8.5'';233;86,25;7' 2.25'';107,5;8' 11.5'';8,9;9,75;9,75;23,5;26,0;11,8;3,54;3,6;10.0;;;;;;1-5;5-5;4-5;1-5;5-5;2-5;1-5;3-5;2-5;2-5;;;;3-4;1-4;2-4;21-31;;2019
110;2019;1629665;Jalen;Lecque;Jalen Lecque;PG;74,5;6' 2.5'';76,25;6' 4.25'';185.2;80,5;6' 8.5'';98,5;8' 2.5'';4,0;8,75;8,5;35,0;43,0;11,09;3,3;3,29;1.0;;;;;;;;;;;;;;;;;;;;;;;;2019
111;2019;1629642;Nassir;Little;Nassir Little;SF;76,5;6' 4.5'';78,0;6' 6'';224.2;85,25;7' 1.25'';104,5;8' 8.5'';5,9;8,75;10,0;31,0;38,5;12,15;3,1;3,24;5.0;;5-5;2-5;3-5;5-5;;;;;;4-5;3-5;4-5;1-5;2-5;0-4;2-4;2-4;;;;8-10;6-9;2019
112;2019;1629611;Terance;Mann;Terance Mann;SG-SF;76,75;6' 4.75'';78,5;6' 6.5'';204.6;79,75;6' 7.75'';101,0;8' 5'';4,0;9,5;9,25;32,5;38,5;11,51;3,14;3,3;6.0;;;;;;2-5;5-5;3-5;3-5;4-5;2-5;1-5;1-5;2-5;4-5;1-4;3-4;2-4;;;;20-31;;2019
113;2019;1628998;Cody;Martin;Cody Martin;PG-SG;76,75;6' 4.75'';77,5;6' 5.5'';192.2;82,25;6' 10.25'';102,5;8' 6.5'';5,0;8,25;9,0;28,0;35,5;10,44;2,99;3,32;7.0;;;;;;3-5;4-5;4-5;3-5;3-5;2-5;3-5;4-5;4-5;3-5;2-4;3-4;2-4;;;;18-31;;2019
114;2019;1629666;Charles;Matthews;Charles Matthews;SG;77,0;6' 5'';78,25;6' 6.25'';194.8;81,5;6' 9.5'';103,0;8' 7'';3,8;8,5;8,75;29,5;37,5;11,26;3,24;3,38;9.0;;;;;;0-5;3-5;4-6;4-6;4-5;1-5;2-5;2-5;2-5;1-5;1-4;1-4;2-4;;;;17-28;;2019
115;2019;1629667;Jalen;McDaniels;Jalen McDaniels;SF;80,25;6' 8.25'';81,75;6' 9.75'';191.6;84,25;7' 0.25'';105,5;8' 9.5'';5,7;9,0;10,0;29,5;33,5;11,54;3,23;3,32;0.0;;;;;;4-5;3-6;4-5;1-5;3-5;2-5;5-6;2-5;3-6;1-5;3-4;2-4;2-4;;;;20-30;;2019
116;2019;1629630;Ja;Morant;Ja Morant;PG;;;;;;;;;;;;;;;;;;;;;;;;;;;;;;;;;;;;;;;;;;2019
117;2019;1629668;Zach;Norvell Jr.;Zach Norvell Jr.;SG;76,5;6' 4.5'';77,5;6' 5.5'';206.4;78,0;6' 6'';101,0;8' 5'';7,5;8,5;9,5;24,0;30,0;11,6;3,34;3,43;;;;;;;3-5;2-5;2-5;4-5;3-5;2-5;5-5;2-5;5-5;5-5;;;;3-4;2-4;1-4;23-32;;2019
118;2019;1629669;Jaylen;Nowell;Jaylen Nowell;SG;75,25;6' 3.25'';76,25;6' 4.25'';202.4;79,25;6' 7.25'';98,0;8' 2'';6,1;8,25;8,5;32,0;38,5;10,76;3,13;3,23;2.0;;;;;;2-4;1-5;5-5;3-5;4-5;2-4;2-5;3-5;2-5;0-5;3-4;3-4;3-4;;;;24-29;;2019
119;2019;1629670;Jordan;Nwora;Jordan Nwora;PF;77,75;6' 5.75'';79,5;6' 7.5'';220;82,5;6' 10.5'';103,0;8' 7'';7,8;8,5;9,25;;;;;;;;;;;;;;;;;;;;;;;;;;;;;;2019
120;2019;1629643;Chuma;Okeke;Chuma Okeke;;;;;;;;;;;;;;;;;;;;;;;;;;;;;;;;;;;;;;;;;;;2019
121;2019;1629644;KZ;Okpala;KZ Okpala;SF;79,25;6' 7.25'';81,5;6' 9.5'';209.6;85,75;7' 1.75'';106,5;8' 10.5'';4,6;9,25;9,25;30,5;37,0;10,88;3,13;3,38;9.0;;;;;;;;;;;;;;;;;;;;;;;;2019
122;2019;1629671;Miye;Oni;Miye Oni;SG;76,25;6' 4.25'';77,75;6' 5.75'';205.6;82,75;6' 10.75'';100,5;8' 4.5'';4,9;9,0;10,0;30,5;38,5;11,71;3,12;3,17;19.0;;;;;;4-5;3-5;4-5;5-5;3-5;2-5;1-5;5-5;3-5;4-5;4-4;3-4;2-4;;;;19-31;;2019
123;2019;1629672;Eric;Paschall;Eric Paschall;SF;78,0;6' 6'';79,25;6' 7.25'';254.4;87,75;6' 11.75'';103,5;8' 7.5'';6,3;9,0;9,5;33,0;38,0;11,63;3,26;3,3;18.0;;;;;;;;;;;;;;;;;;;;;;;;2019
124;2019;1629617;Reggie;Perry;Reggie Perry;SF-PF;80,0;6' 8'';81,25;6' 9.25'';250.8;84,5;7' 0.5'';106,0;8' 10'';6,7;9,0;10,0;28,5;31,5;12,46;3,4;3,3;15.0;;;;;;4-5;1-5;3-5;2-5;2-5;1-5;4-5;2-5;2-5;4-5;3-4;1-4;4-4;;;;10-28;;2019
125;2019;1629044;Shamorie;Ponds;Shamorie Ponds;PG;71,5;5' 11.5'';72,5;6' 0.5'';180;75,5;6' 3.5'';96,5;8' 0.5'';9,8;7,75;8,0;29,0;37,0;11,01;3,07;3,2;0.0;;;;;;1-5;2-5;4-5;5-5;3-5;2-5;1-5;5-5;4-5;4-5;1-4;3-4;3-4;;;;25-36;;2019
126;2019;1629673;Jordan;Poole;Jordan Poole;SG;75,5;6' 3.5'';77,5;6' 5.5'';190.8;78,75;6' 6.75'';99,5;8' 3.5'';7,5;8,25;8,5;28,0;35,5;10,59;3,14;3,27;;3-5;5-5;3-5;5-5;2-5;;;;;;3-5;4-5;4-5;4-5;5-5;1-4;1-4;3-4;;;;23-34;;2019
127;2019;1629007;Jontay;Porter;Jontay Porter;PF;81,75;6' 9.75'';83,0;6' 11'';210.4;84,0;7' 0'';109,5;9' 1.5'';8,5;8,75;9,5;;;;;;;;;;;;;;;;;;;;;;;;;;;;;;2019
128;2019;1629645;Kevin;Porter Jr.;Kevin Porter Jr.;SG;76,0;6' 4'';77,5;6' 5.5'';212.6;81,0;6' 9'';103,0;8' 7'';5,1;8,75;8,75;27,0;34,0;10,82;3,03;3,14;2.0;;;;;;;;;;;;;;;;;;;;;;;;2019
129;2019;1629674;Neemias;Queta;Neemias Queta;C;82,75;6' 10.75'';84,25;7' 0.25'';225.8;88,25;7' 4.25'';111,5;9' 3.5'';6,3;9,5;11,0;24,0;32,5;12,04;3,45;3,73;1.0;;;;;;1-5;4-5;5-5;3-5;4-5;2-5;3-5;4-5;4-5;3-5;2-4;2-4;3-4;;;;16-26;;2019
130;2019;1629629;Cameron;Reddish;Cameron Reddish;SF;78,5;6' 6.5'';80,0;6' 8'';207.8;84,5;7' 0.5'';105,5;8' 9.5'';4,7;9,0;9,0;;;;;;;;;;;;;;;;;;;;;;;;;;;;;;2019
131;2019;1629675;Naz;Reid;Naz Reid;PF;80,25;6' 8.75'';81,5;6' 9.5'';255.8;87,25;7' 3.25'';109,0;9' 1'';14,0;9,5;9,25;26,0;32,5;12,03;3,76;3,42;3.0;3-5;2-5;3-5;3-5;3-5;;;;;;3-4;2-5;2-5;4-5;2-5;2-4;3-4;1-4;;;;16-32;;2019
132;2019;1629676;Isaiah;Roby;Isaiah Roby;PF;79,25;6' 7.25'';80,5;6' 8.5'';214;85,0;7' 1'';106,0;8' 10'';3,9;9,0;10,5;32,5;35,5;10,63;3,05;3,25;9.0;4-5;3-5;5-5;5-5;3-5;;;;;;3-5;3-5;5-5;2-5;4-5;3-4;3-4;3-4;;;;20-34;;2019
133;2019;1629677;Luka;Samanic;Luka Samanic;PF;81,5;6' 9.5'';83,0;6' 11'';227.2;82,5;6' 10.5'';107,0;8' 11'';5,6;8,5;9,0;27,0;38,0;11,01;3,03;3,27;7.0;;;;;;4-5;2-5;3-5;1-5;1-5;2-5;2-5;3-5;3-5;4-5;3-4;3-4;0-4;;;;4-11;;2019
134;2019;1629678;Admiral;Schofield;Admiral Schofield;SF;76,0;6' 4'';77,25;6' 5.25'';240.6;81,75;6' 9.75'';102,5;8' 6.5'';6,8;8,75;9,0;30,0;34,0;10,77;2,87;3,37;15.0;;;;;;;;;;;;;;;;;;;;;;;;2019
135;2019;1629621;Marial;Shayok;Marial Shayok;SF-PF;76,5;6' 4.5'';77,5;6' 5.5'';196.8;84,25;7' 0.25'';103,5;8' 7.5'';4,7;8,75;9,25;29,5;36,5;11,16;3,04;3,37;9.0;;;;;;;;;;;;;;;;;;;;;;;;2019
136;2019;1629679;Simisola;Shittu;Simisola Shittu;PF;80,5;6' 8.5'';81,5;6' 9.5'';227.2;85,25;7' 1.25'';106,0;8' 10'';6,2;8,75;8,5;27,0;35,5;11,85;3,24;3,3;11.0;;;;;;1-5;2-5;1-5;1-5;0-5;1-5;1-5;2-5;0-5;1-5;1-4;1-4;1-4;;;;12-29;;2019
137;2019;1629681;Killian;Tillie;Killian Tillie;;;;;;;;;;;;;;;;;;;;;;;;;;;;;;;;;;;;;;;;;;;2019
138;2019;1629023;P.J.;Washington;P.J. Washington;PF;78,5;6' 6.5'';80,0;6' 8'';230.4;86,5;7' 2.25'';106,5;8' 10.5'';8,6;9,0;10,25;;;;;;;;;;;;;;;;;;;;;;;;;;;;;;2019
139;2019;1629682;Tremont;Waters;Tremont Waters;PG;69,5;5' 9.5'';70,75;5' 10.75'';172.4;74,25;6' 2.25'';93,5;7' 9.5'';6,6;8,0;9,75;30,5;40,5;10,76;3,11;3,07;5.0;;;;;;2-5;4-5;5-5;4-5;3-5;5-5;3-5;5-5;5-5;4-5;2-4;2-4;3-4;;;;12-21;;2019
140;2019;1629683;Quinndary;Weatherspoon;Quinndary Weatherspoon;SG;75,0;6' 3'';76,25;6' 4.25'';206.6;81,0;6' 9'';100,0;8' 4'';6,1;8,5;9,0;31,0;38,0;11,57;3,15;3,16;;;;;;;3-5;4-5;3-5;5-5;3-5;2-5;4-5;4-5;5-5;4-5;3-4;3-4;4-4;;;;27-34;;2019
141;2019;1629632;Coby;White;Coby White;PG;75,5;6' 3.5'';76,75;6' 4.75'';191.4;77,0;6' 5'';97,5;8' 1.5'';4,3;7,75;9,0;;;;;;;;;;;;;;;;;;;;;;;;;;;;;;2019
142;2019;1629025;Kris;Wilkes;Kris Wilkes;SF;78,25;6' 6.25'';79,75;6' 7.75'';208.8;82,75;6' 10.75'';103,0;8' 7'';4,9;8,5;9,5;27,5;35,0;10,39;3,09;3,34;4.0;5-5;3-5;4-5;3-5;3-5;;;;;;3-5;1-5;3-5;3-5;3-5;2-4;4-4;0-4;;;;24-33;;2019
143;2019;1629684;Grant;Williams;Grant Williams;PF;77,75;6' 5.75'';79,5;6' 7.5'';240.2;81,75;6' 9.75'';104,5;8' 8.5'';5,4;9,0;10,5;26,0;31,5;10,83;3,27;3,33;20.0;;;;;;3-5;3-5;1-5;3-5;3-5;4-5;4-5;4-5;3-5;3-5;3-4;2-4;3-4;;;;23-32;;2019
144;2019;1629627;Zion;Williamson;Zion Williamson;PF;;;;;;;;;;;;;;;;;;;;;;;;;;;;;;;;;;;;;;;;;;2019
145;2019;1629685;Dylan;Windler;Dylan Windler;SF;78,25;6' 6.25'';79,5;6' 7.5'';195.8;82,0;6' 10'';104,5;8' 8.5'';4,6;8,25;9,5;29,0;37,5;10,7;2,94;3,3;8.0;;;;;;;;;;;;;;;;;;;;;;;;2019
146;2020;1630173;Precious;Achiuwa;Precious Achiuwa;PF;79,5;6'7.50'';80,7;6'8.75'';234;84,75;7'0.75'';108,5;9'0.50'';6,7;9,0;10,0;;;;;;;;;;;;;;;;;;;;;;;;;;;;;;2020
147;2020;1630234;Ty-Shon;Alexander;Ty-Shon Alexander;SG;74,0;6'2.00'';76,0;6'4.00'';200.8;80,0;6'8.00'';100,0;8'4.00'';12,3;8,75;8,75;28,0;33,0;11,33;2,47;3,26;;;;;;;;;;;;;;;;;;;;;;;;;2020
148;2020;1628962;Udoka;Azubuike;Udoka Azubuike;C;82,0;6'10.00'';83,5;6'11.50'';259.5;91,25;7'7.25'';109,0;9'1.00'';9,61;9,25;10,0;37,0;41,0;11,82;3,61;3,23;;;;;;;;;;;;;;;;;;;;;;;;;2020
149;2020;1630189;Tyler;Bey;Tyler Bey;PF;78,0;6'6.00'';79,0;6'7.00'';212.8;85,25;7'1.25'';105,5;8'9.50'';5,0;8,5;9,0;37,0;43,5;11,35;2,75;3,17;;;;;;;;;;;;;;;;;;;;;;;;;2020
150;2020;1630213;Yoeli;Childs;Yoeli Childs;PF;78,0;6'6.00'';79,0;6'7.00'';226.4;83,5;6'11.50'';106,0;8'10.00'';8,2;8,75;10,0;34,0;38,5;10,87;2,42;3,22;;;;;;;;;;;;;;;;;;;;;;;;;2020
151;2020;1629603;Mamadi;Diakite;Mamadi Diakite;PF;80,5;6'8.50'';82,2;6'10.25'';222.1;87,75;7'3.75'';107,0;8'11.00'';7,83;9,0;10,25;28,0;37,0;11,95;2,71;3,16;;;;;;;;;;;;;;;;;;;;;;;;;2020
152;2020;1629653;Devon;Dotson;Devon Dotson;PG;72,5;6'0.50'';73,7;6'1.75'';185.2;75,0;6'3.00'';95,0;7'11.00'';4,6;8,25;10,0;31,5;40,5;10,44;2,22;3,02;;;;;;;;;;;;;;;;;;;;;;;;;2020
153;2020;1630220;Paul;Eboua;Paul Eboua;SF-PF;78,0;6'6.00'';79,5;6'7.50'';222.2;87,5;7'3.50'';108,0;9'0.00'';3,8;9,0;10,25;33,0;35,5;10,79;2,44;3,19;;;;;;;;;;;;;;;;;;;;;;;;;2020
154;2020;1629604;CJ;Elleby;CJ Elleby;SG-SF;77,5;6'5.50'';78,2;6'6.25'';198.6;79,25;6'7.25'';100,5;8'4.50'';4,2;8,75;10,0;30,5;36,5;11,25;2,63;3,25;;;;;;;;;;;;;;;;;;;;;;;;;2020
155;2020;1630235;Trent;Forrest;Trent Forrest;PG;75,5;6'3.50'';76,7;6'4.75'';203;79,5;6'7.50'';102,5;8'6.50'';5,65;9,0;9,75;28,0;34,5;11,04;2,5;3,18;;;;;;;;;;;;;;;;;;;;;;;;;2020
156;2020;1630182;Josh;Green;Josh Green;SG-SF;76,5;6'4.50'';77,5;6'5.50'';214;81,75;6'9.75'';101,5;8'5.50'';6,8;8,0;8,75;30,5;39,5;10,64;2,28;3,12;;;;;;;;;;;;;;;;;;;;;;;;;2020
157;2020;1630204;Ashton;Hagans;Ashton Hagans;PG;73,5;6'1.50'';74,5;6'2.50'';193;80,0;6'8.00'';99,5;8'3.50'';4,1;9,0;9,0;29,5;36,5;10,82;2,5;3,13;;;;;;;;;;;;;;;;;;;;;;;;;2020
158;2020;1630221;Joshua;Hall;Joshua Hall;SF;78,0;6'6.00'';79,5;6'7.50'';196.6;83,0;6'11.00'';104,5;8'8.50'';7,6;8,75;9,5;31,5;37,5;12,16;2,62;3,38;;;;;;;;;;;;;;;;;;;;;;;;;2020
159;2020;1630223;Jalen;Harris;Jalen Harris;SG;74,75;6'2.75'';76,2;6'4.25'';193.4;79,0;6'7.00'';97,5;8'1.50'';4,4;8,25;9,5;37,5;42,5;10,59;2,49;3,11;;;;;;;;;;;;;;;;;;;;;;;;;2020
160;2020;1630210;Markus;Howard;Markus Howard;PG;69,5;5'9.50'';71,0;5'11.00'';170.8;72,25;6'0.25'';91,5;7'7.50'';9,91;8,5;7,75;30,5;35,5;11,21;3,17;3,11;;;;;;;;;;;;;;;;;;;;;;;;;2020
161;2020;1630190;Elijah;Hughes;Elijah Hughes;SF-SG;76,75;6'4.75'';78,5;6'6.50'';229;79,5;6'7.50'';101,5;8'5.50'';10,2;8,5;8,75;;;;;;;;;;;;;;;;;;;;;;;;;;;;;;2020
162;2020;1630198;Isaiah;Joe;Isaiah Joe;SG;75,0;6'3.00'';76,5;6'4.50'';170.4;79,5;6'7.50'';101,0;8'5.00'';4,7;8,25;8,25;;;;;;;;;;;;;;;;;;;;;;;;;;;;;;2020
163;2020;1630222;Mason;Jones;Mason Jones;SG;75,75;6'3.75'';77,7;6'5.75'';207.2;79,0;6'7.00'';102,5;8'6.50'';8,9;8,75;8,5;24,0;31,0;10,6;2,49;3,33;;;;;;;;;;;;;;;;;;;;;;;;;2020
164;2020;1630233;Nathan;Knight;Nathan Knight;PF-C;80,0;6'8.00'';81,7;6'9.75'';235;86,0;7'2.00'';109,5;9'1.50'';8,2;9,0;9,5;23,0;31,5;11,56;2,96;3,31;;;;;;;;;;;;;;;;;;;;;;;;;2020
165;2020;1630177;Theo;Maledon;Theo Maledon;PG;76,0;6'4.00'';77,0;6'5.00'';187.4;80,75;6'8.75'';100,5;8'4.50'';2,8;8,5;10,0;;;;;;;;;;;;;;;;;;;;;;;;;;;;;;2020
166;2020;1630211;Karim;Mane;Karim Mane;PG-SG;77,0;6'5.00'';78,0;6'6.00'';196;83,0;6'11.00'';102,0;8'6.00'';3,73;8,5;9,75;31,0;36,0;11,52;2,64;3,04;;;;;;;;;;;;;;;;;;;;;;;;;2020
167;2020;1630230;Naji;Marshall;Naji Marshall;SF;77,75;6'5.75'';79,0;6'7.00'';233.5;84,75;7'0.75'';102,5;8'6.50'';8,7;9,25;10,5;28,5;35,0;11,77;2,9;3,37;;;;;;;;;;;;;;;;;;;;;;;;;2020
168;2020;1630231;Kenyon;Martin Jr.;Kenyon Martin Jr.;SF-PF;78,0;6'6.00'';79,0;6'7.00'';213.2;79,25;6'7.25'';102,0;8'6.00'';5,9;8,5;8,75;31,5;38,5;11,93;2,58;3,16;;;;;;;;;;;;;;;;;;;;;;;;;2020
169;2020;1630219;Skylar;Mays;Skylar Mays;SG;75,0;6'3.00'';76,0;6'4.00'';204;78,0;6'6.00'';99,0;8'3.00'';7,4;8,0;9,75;29,0;37,5;10,65;2,4;3,3;;;;;;;;;;;;;;;;;;;;;;;;;2020
170;2020;1630192;Zeke;Nnaji;Zeke Nnaji;PF-C;81,25;6'9.25'';82,5;6'10.50'';246.8;86,0;7'2.00'';105,5;8'9.50'';5,9;9,0;10,5;33,0;38,0;10,94;2,72;3,2;;;;;;;;;;;;;;;;;;;;;;;;;2020
171;2020;1629670;Jordan;Nwora;Jordan Nwora;SF-PF;77,75;6'5.75'';79,0;6'7.00'';223;82,25;6'10.25'';104,0;8'8.00'';11,68;8,5;9,25;29,0;35,0;11,29;2,66;3,43;;;;;;;;;;;;;;;;;;;;;;;;;2020
172;2020;1629617;Reggie;Perry;Reggie Perry;PF-C;80,25;6'8.25'';81,2;6'9.25'';249.6;84,25;7'0.25'';106,5;8'10.50'';8,4;9,25;11,0;30,0;33,5;11,26;2,57;3,25;;;;;;;;;;;;;;;;;;;;;;;;;2020
173;2020;1629619;Myles;Powell;Myles Powell;PG-SG;72,5;6'0.50'';73,5;6'1.50'';194;79,0;6'7.00'';99,0;8'3.00'';15,8;8,0;9,0;;;;;;;;;;;;;;;;;;;;;;;;;;;;;;2020
174;2020;1630193;Immanuel;Quickley;Immanuel Quickley;SG;74,0;6'2.00'';75,0;6'3.00'';185.8;80,25;6'8.25'';99,0;8'3.00'';8,2;8,0;8,75;29,5;35,5;11,21;2,46;3,17;;;;;;;;;;;;;;;;;;;;;;;;;2020
175;2020;1630186;Jahmi'us;Ramsey;Jahmi'us Ramsey;SG;74,5;6'2.50'';75,7;6'3.75'';193.4;78,0;6'6.00'';100,5;8'4.50'';3,4;8,75;9,75;;;;;;;;;;;;;;;;;;;;;;;;;;;;;;2020
176;2020;1630194;Paul;Reed Jr.;Paul Reed Jr.;PF;80,5;6'8.50'';81,2;6'9.25'';219.2;86,0;7'2.00'';109,5;9'1.50'';6,83;9,0;8,75;26,5;37,5;12,29;2,67;3,45;;;;;;;;;;;;;;;;;;;;;;;;;2020
177;2020;1630208;Nick;Richards;Nick Richards;C;82,5;6'10.50'';83,5;6'11.50'';241.6;86,25;7'2.25'';110,0;9'2.00'';8,5;9,0;9,0;30,0;34,0;11,42;2,92;3,25;;;;;;;;;;;;;;;;;;;;;;;;;2020
178;2020;1630203;Grant;Riller;Grant Riller;PG-SG;72,25;6'0.25'';73,0;6'1.00'';178.4;77,25;6'5.25'';96,5;8'0.50'';5,4;8,0;8,5;32,5;39,5;11,17;2,45;3,07;;;;;;;;;;;;;;;;;;;;;;;;;2020
179;2020;1630206;Jayden;Scrubb;Jayden Scrubb;SG-SF;77,0;6'5.00'';78,2;6'6.25'';185.2;81,5;6'9.50'';104,5;8'8.50'';3,7;8,25;9,75;;;;;;;;;;;;;;;;;;;;;;;;;;;;;;2020
180;2020;1630188;Jalen;Smith;Jalen Smith;PF-C;81,25;6'9.25'';82,2;6'10.25'';224.6;86,25;7'2.25'';110,0;9'2.00'';3,7;9,25;9,25;;;;;;;;;;;;;;;;;;;;;;;;;;;;;;2020
181;2020;1630199;Cassius;Stanley;Cassius Stanley;SG;77,0;6'5.00'';78,2;6'6.25'';201.6;79,0;6'7.00'';99,5;8'3.50'';5,8;8,25;9,0;34,5;44,0;11,4;2,43;3,09;;;;;;;;;;;;;;;;;;;;;;;;;2020
182;2020;1630205;Lamar;Stevens;Lamar Stevens;SF-PF;77,75;6'5.75'';78,7;6'6.75'';228;81,0;6'9.00'';101,0;8'5.00'';6,8;8,5;9,75;35,0;41,0;10,35;2,54;3,2;;;;;;;;;;;;;;;;;;;;;;;;;2020
183;2020;1630191;Isaiah;Stewart;Isaiah Stewart;C;79,25;6'7.25'';80,5;6'8.50'';243;88,75;7'4.75'';108,5;9'0.50'';7,5;9,0;10,5;;;;;;;;;;;;;;;;;;;;;;;;;;;;;;2020
184;2020;1630179;Tyrell;Terry;Tyrell Terry;PG;73,5;6'1.50'';75,0;6'3.00'';170;73,75;6'1.75'';96,0;8'0.00'';7,6;7,5;8,25;30,0;34,0;10,78;2,59;3,28;;;;;;;;;;;;;;;;;;;;;;;;;2020
185;2020;1629681;Killian;Tillie;Killian Tillie;PF;80,75;6'8.75'';82,0;6'10.00'';221.6;80,0;6'8.00'';106,0;8'10.00'';12,43;8,25;9,25;27,5;32,0;11,6;2,62;3,4;;;;;;;;;;;;;;;;;;;;;;;;;2020
186;2020;1630214;Xavier;Tillman Sr.;Xavier Tillman Sr.;PF-C;79,5;6'7.50'';80,5;6'8.50'';266.5;86,0;7'2.00'';106,0;8'10.00'';8,5;10,25;11,0;26,0;32,5;11,8;3,01;3,49;;;;;;;;;;;;;;;;;;;;;;;;;2020
187;2020;1629700;Kaleb;Wesson;Kaleb Wesson;C;81,25;6'9.25'';82,2;6'10.25'';252.6;87,5;7'3.50'';111,5;9'3.50'';12,5;9,0;10,75;21,5;27,0;11,73;2,64;3,6;;;;;;;;;;;;;;;;;;;;;;;;;2020
188;2020;1630232;Kahlil;Whitney;Kahlil Whitney;SF;77,5;6'5.50'';79,0;6'7.00'';205;84,25;7'0.25'';105,5;8'9.50'';5,3;9,25;10,25;29,0;39,0;11,17;2,61;3,28;;;;;;;;;;;;;;;;;;;;;;;;;2020
189;2020;1630216;Cassius;Winston;Cassius Winston;PG;72,5;6'0.50'';73,5;6'1.50'';196;78,0;6'6.00'';97,0;8'1.00'';9,0;8,75;8,25;24,0;28,0;11,15;2,74;3,61;;;;;;;;;;;;;;;;;;;;;;;;;2020
190;2020;1630218;Robert;Woodard II;Robert Woodard II;SF;77,5;6'5.50'';79,0;6'7.00'';230.2;86,0;7'2.00'';105,5;8'9.50'';4,5;9,0;10,75;32,0;38,0;11,1;2,49;3,18;;;;;;;;;;;;;;;;;;;;;;;;;2020
191;2021;1630546;Max;Abmas;Max Abmas;PG;70,5;5'10.5'';71,75;5'11.75'';161.80;73,75;6'1.75'';94,0;7'10.0'';5,5;8,0;7,75;28,5;32,5;10,9;3,49;3,12;;;;;;;21-25;;;;;;;;;;;;;23-30;;;;12-25;2021
192;2021;1630534;Ochai;Agbaji;Ochai Agbaji;SG;76,5;6'4.5'';77,5;6'5.5'';214.40;82,0;6'10.0'';103,5;8'7.5'';4,15;9,0;8,75;32,0;41,5;10,88;3,1;3,13;;;;;;;15-25;;;;;;;;;;;;;21-30;;;;11-25;2021
193;2021;1630542;Marcus;Bagley;Marcus Bagley;SF;78,0;6'6.0'';79,75;6'7.75'';216.80;83,0;6'11.0'';102,5;8'6.5'';7,5;8,75;8,5;32,5;38,5;12,26;3,1;3,17;;;;;;;;;;;;;;;;;;;;;;;;;2021
194;2021;1630567;Scottie;Barnes;Scottie Barnes;SF;79,0;6'7.0'';80,0;6'8.0'';225.40;86,75;7'2.75'';108,0;9'0.0'';5,3;9,25;10,25;36,0;39,5;10,88;2,99;3,15;;;;;;;;;;;;;;;;;;;;;;;;;2021
195;2021;1629646;Charles;Bassey;Charles Bassey;C;81,25;6'9.25'';82,25;6'10.25'';230.20;87,0;7'3.0'';107,5;8'11.5'';5,9;9,0;9,5;33,0;36,0;12,19;3,33;3,13;;;;;;;;;;;;;;;;;;;;;;;;;2021
196;2021;1630527;Brandon;Boston Jr.;Brandon Boston Jr.;SF;77,75;6'5.75'';79,0;6'7.0'';188.00;82,75;6'10.75'';104,0;8'8.0'';6,0;9,0;9,75;;;;;;;;;;;;0-25;;;;;;;;;;;;;;;;;;2021
197;2021;1630547;James;Bouknight;James Bouknight;SG;75,5;6'3.5'';76,75;6'4.75'';190.00;80,25;6'8.25'';101,5;8'5.5'';5,5;8,75;9,0;;;;;;;;;;;;;;;;;;;;;;;;;;;;;;2021
198;2021;1630535;Greg;Brown III;Greg Brown III;PF;79,25;6'7.25'';80,5;6'8.5'';206.40;84,25;7'0.25'';107,0;8'11.0'';5,5;9,0;9,75;33,5;39,0;10,98;2,98;3,19;;;;;;;9-25;;;;;;;;;;;;;15-30;;;;;2021
199;2021;1630215;Jared;Butler;Jared Butler;PG;74,25;6'2.25'';75,75;6'3.75'';193.00;76,0;6'4.0'';98,5;8'2.5'';5,1;8,5;8,25;;;;;;;;;;;;;;;;;;;;;;;;;;;;;;2021
200;2021;1630577;Julian;Champagnie;Julian Champagnie;SF;78,5;6'6.5'';79,5;6'7.5'';217.40;82,0;6'10.0'';106,5;8'10.5'';8,0;9,0;8,5;26,0;32,0;12,38;3,2;3,2;;;;;;;14-25;;;;;;;;;;;;;15-30;;;;19-25;2021
201;2021;1630551;Justin;Champagnie;Justin Champagnie;PF;77,75;6'5.75'';78,75;6'6.75'';206.40;81,5;6'9.5'';104,0;8'8.0'';6,3;8,75;8,5;27,0;35,0;11,94;3,14;3,34;;;;;;;18-25;;;;;;;;;;;;;17-30;;;;9-25;2021
202;2021;1630528;Josh;Christopher;Josh Christopher;SG;75,25;6'3.25'';76,5;6'4.5'';214.80;81,25;6'9.25'';101,0;8'5.0'';5,8;8,75;8,5;29,5;37,5;11,32;3,3;3,14;;;;;;;16-25;;;;;;;;;;;;;23-30;;;;11-25;2021
203;2021;1630536;Sharife;Cooper;Sharife Cooper;PG;;;;;;;;;;;;;;;;;;;;;;;;;;;;;;;;;;;;;;;;;;2021
204;2021;1630595;Cade;Cunningham;Cade Cunningham;PG;;;;;;;;;;;;;;;;;;;;;;;;;;;;;;;;;;;;;;;;;;2021
205;2021;1630245;Ayo;Dosunmu;Ayo Dosunmu;SG;75,5;6'3.5'';77,0;6'5.0'';194.40;82,25;6'10.25'';102,0;8'6.0'';4,9;8,5;8,75;27,0;33,5;11,51;3,27;3,23;;;;;;;;;;;;;;;;;;;;;;;;;2021
206;2021;1630561;David;Duke Jr.;David Duke Jr.;SG;76,25;6'4.25'';77,5;6'5.5'';203.60;80,75;6'8.75'';102,5;8'6.5'';5,9;8,5;9,0;30,0;39,0;11,21;3,19;3,08;;;;;;;11-25;;;;;;;;;;;;;12-30;;;;8-25;2021
207;2021;1630556;Kessler;Edwards;Kessler Edwards;PF;79,0;6'7.0'';80,0;6'8.0'';203.00;83,25;6'11.25'';106,0;8'10.0'';4,3;8,5;8,25;28,0;37,0;11,3;3,38;3,25;;;;;;;16-25;;;;;;;;;;;;;19-30;;;;12-25;2021
208;2021;1630568;Luka;Garza;Luka Garza;C;82,0;6'10.0'';83,25;6'11.25'';242.80;85,5;7'1.5'';107,5;8'11.5'';11,7;9,0;9,25;24,0;29,5;11,9;3,38;3,51;;;;;;;17-25;;;;;;;;;;;;;19-30;;;;17-25;2021
209;2021;1630564;RaiQuan;Gray;RaiQuan Gray;PF;78,5;6'6.5'';79,75;6'7.75'';268.60;82,75;6'10.75'';105,0;8'9.0'';17,3;9,25;9,0;26,5;31,5;11,69;3,3;3,25;;;;;;;8-25;;;;;;;;;;;;;15-30;;;;9-25;2021
210;2021;1630224;Jalen;Green;Jalen Green;SG;;;;;;;;;;;;;;;;;;;;;;;;;;;;;;;;;;;;;;;;;;2021
211;2021;1629656;Quentin;Grimes;Quentin Grimes;SG;76,0;6'4.0'';77,25;6'5.25'';205.00;80,0;6'8.0'';101,0;8'5.0'';6,6;8,5;10,0;30,5;38,5;11,09;3,33;3,07;;;;;;;16-25;;;;;;;;;;;;;22-30;;;;16-25;2021
212;2021;1630573;Sam;Hauser;Sam Hauser;SF;78,75;6'6.75'';80,0;6'8.0'';217.40;81,25;6'9.25'';102,0;8'6.0'';7,9;8,25;9,0;28,5;34,5;11,14;3,07;3,34;;;;;;;19-25;;;;;;;;;;;;;28-30;;;;14-25;2021
213;2021;1630565;Aaron;Henry;Aaron Henry;SF;76,5;6'4.5'';78,0;6'6.0'';209.60;82,75;6'10.75'';103,5;8'7.5'';5,6;8,5;9,25;29,0;35,0;11,68;3,18;3,07;;;;;;;;;;;;;;;;;;;;;;;;;2021
214;2021;1630574;Ariel;Hukporti;Ariel Hukporti;C;82,75;6'10.75'';84,0;7'0.0'';246.00;86,5;7'2.5'';111,5;9'3.5'';8,1;9,5;9,5;24,5;31,0;12,2;3,53;3,12;;;;;;;11-25;;;;;;;;;;;;;15-30;;;;12-25;2021
215;2021;1630562;Matt;Hurt;Matt Hurt;PF;80,5;6'8.5'';81,5;6'9.5'';232.40;81,5;6'9.5'';106,5;8'10.5'';15,2;9,0;9,0;25,5;32,5;11,44;3,25;3,34;;;;;;;22-25;;;;;;;;;;;;;18-30;;;;12-25;2021
216;2021;1630538;Nah'Shon;Hyland;Nah'Shon Hyland;SG;74,0;6'2.0'';75,5;6'3.5'';169.00;81,25;6'9.25'';101,5;8'5.5'';5,8;8,75;9,0;26,5;34,0;10,53;3,17;3,1;;;;;;;;;;;;;;;;;;;;;;;;;2021
217;2021;1630543;Isaiah;Jackson;Isaiah Jackson;C;;;;;;;;;;;;;;;;;;;;;;;;;;;;;;;;;;;;;;;;;;2021
218;2021;1630525;David;Johnson;David Johnson;SG;75,25;6'3.25'';76,75;6'4.75'';202.80;82,5;6'10.5'';104,0;8'8.0'';7,5;8,25;8,5;33,0;39,0;12,02;3,2;3,03;;;;;;;;;;;;;;;;;;;;;;;;;2021
219;2021;1630552;Jalen;Johnson;Jalen Johnson;PF;79,75;6'7.75'';81,25;6'9.25'';209.60;84,25;7'0.25'';106,0;8'10.0'';4,5;9,75;10,5;;;;;;;;;;;;;;;;;;;;;;;;;;;;;;2021
220;2021;1630553;Keon;Johnson;Keon Johnson;SG;75,5;6'3.5'';76,75;6'4.75'';184.80;79,25;6'7.25'';97,0;8'1.0'';4,4;8,5;9,0;41,5;48,0;11,45;3,2;3,0;;;;;;;;;;;;;;;;;;;;;;;;;2021
221;2021;1630637;Carlik;Jones;Carlik Jones;PG;72,0;6'0.0'';73,0;6'1.0'';173.60;77,0;6'5.0'';97,5;8'1.5'';4,5;8,25;9,0;31,5;36,0;10,96;3,23;3,16;;;;;;;19-25;;;;;;;;;;;;;25-30;;;;14-25;2021
222;2021;1630539;Kai;Jones;Kai Jones;PF;82,0;6'10.0'';83,5;6'11.5'';221.40;85,75;7'1.75'';110,5;9'2.5'';4,7;9,0;9,5;;;;;;;;;;;;;;;;;;;;;;;;;;;;;;2021
223;2021;1630529;Herbert;Jones;Herbert Jones;SF;78,0;6'6.0'';79,25;6'7.25'';206.40;84,25;7'0.25'';106,0;8'10.0'';5,8;8,5;9,0;28,5;36,5;11,02;3,17;3,25;;;;;;;12-25;;;;;;;;;;;;;15-30;;;;8-25;2021
224;2021;1630548;Johnny;Juzang;Johnny Juzang;SG;77,5;6'5.5'';79,0;6'7.0'';209.00;82,5;6'10.5'';100,5;8'4.5'';8,0;8,5;9,5;31,0;36,5;11,13;3,08;3,13;;;;;;;17-25;;;;;;;;;;;;;24-30;;;;17-25;2021
225;2021;1630557;Corey;Kispert;Corey Kispert;SF;78,0;6'6.0'';79,25;6'7.25'';223.80;79,0;6'7.0'';102,0;8'6.0'';6,8;8,75;10,0;30,0;37,5;10,91;2,99;3,12;;;;;;;;;;;;;;;;;;;;;;;;;2021
226;2021;1630228;Jonathan;Kuminga;Jonathan Kuminga;SF;;;;;;;;;;;;;;;;;;;;;;;;;;;;;;;;;;;;;;;;;;2021
227;2021;1630639;AJ;Lawson;AJ Lawson;SG-SF;77,5;6'5.5'';78,75;6'6.75'';179.20;78,75;6'6.75'';99,5;8'3.5'';4,4;8,5;9,25;33,0;41,0;11,0;3,01;2,98;;;;;;;15-25;;;;;;;;;;;;;19-30;;;;16-25;2021
228;2021;1630575;Scottie;Lewis;Scottie Lewis;SF;76,0;6'4.0'';77,25;6'5.25'';187.60;84,0;7'0.0'';101,5;8'5.5'';4,7;8,75;9,75;34,0;42,0;10,45;3,03;2,98;;;;;;;;;;;;;;;;;;;;;;;;;2021
229;2021;1630587;Isaiah;Livers;Isaiah Livers;SF;77,75;6'5.75'';79,25;6'7.25'';231.80;81,25;6'9.25'';104,5;8'8.5'';9,4;9,0;9,5;;;;;;;;;;;;;;;;;;;;;;;;;;;;;;2021
230;2021;1630588;Makur;Maker;Makur Maker;C;82,25;6'10.25'';83,25;6'11.25'';232.20;85,75;7'1.75'';112,0;9'4.0'';14,5;8,75;9,5;25,5;31,0;11,87;3,28;3,34;;;;;;;16-25;;;;;;;;;;;;;22-30;;;;17-25;2021
231;2021;1630572;Sandro;Mamukelashvili;Sandro Mamukelashvili;C;81,0;6'9.0'';82,0;6'10.0'';239.80;85,25;7'1.25'';106,5;8'10.5'';7,8;9,0;9,5;30,5;36,5;11,63;3,3;3,21;;;;;;;19-25;;;;;;;;;;;;;17-30;;;;15-25;2021
232;2021;1630544;Tre;Mann;Tre Mann;PG;75,25;6'3.25'';76,25;6'4.25'';177.60;76,0;6'4.0'';98,5;8'2.5'';4,1;8,0;9,0;;;;;;;;;;;;;;;;;;;;;;;;;;;;;;2021
233;2021;1630571;Matthew;Mayer;Matthew Mayer;PF;;;;;;;;;;;;;;;;;;;;;;;;;;;;;;;;;;;;;;;;;;2021
234;2021;1630540;Miles;McBride;Miles McBride;PG;73,0;6'1.0'';74,5;6'2.5'';195.20;80,75;6'8.75'';99,5;8'3.5'';6,0;9,0;9,5;31,0;38,5;11,08;3,13;3,1;;;;;;;17-25;;;;;;;;;;;;;19-30;;;;13-25;2021
235;2021;1630558;Davion;Mitchell;Davion Mitchell;PG;72,0;6'0.0'';73,25;6'1.25'';202.40;76,25;6'4.25'';96,5;8'0.5'';6,2;8,25;8,75;;;;;;;;;;;;;;;;;;;;;;;;;;;;;;2021
236;2021;1630596;Evan;Mobley;Evan Mobley;PF;;;;;;;;;;;;;;;;;;;;;;;;;;;;;;;;;;;;;;;;;;2021
237;2021;1630600;Isaiah;Mobley;Isaiah Mobley;PF;80,0;6'8.0'';81,75;6'9.75'';238.00;87,0;7'3.0'';107,5;8'11.5'';12,9;9,0;10,0;26,5;32,0;12,7;3,5;3,3;;;;;;;16-25;;;;;;;;;;;;;24-30;;;;14-25;2021
238;2021;1630541;Moses;Moody;Moses Moody;SG;76,5;6'4.5'';78,0;6'6.0'';210.60;84,75;7'0.75'';105,0;8'9.0'';6,8;9,0;10,0;;;;;;;;;;;;;;;;;;;;;;;;;;;;;;2021
239;2021;1630530;Trey;Murphy III;Trey Murphy III;SF;79,5;6'7.5'';81,25;6'9.25'';206.00;84,0;7'0.0'';105,5;8'9.5'';8,1;8,5;9,0;34,0;38,0;11,65;3,32;3,14;;;;;;;;;;;;;;;;;;;;;;;;;2021
240;2021;1630227;Daishen;Nix;Daishen Nix;PG;75,0;6'3.0'';76,25;6'4.25'';225.60;78,75;6'6.75'';100,0;8'4.0'';11,8;8,5;9,0;29,5;36,5;11,72;3,18;3,0;;;;;;;15-25;;;;;;;;;;;;;;;;;12-25;2021
241;2021;1630566;John;Petty Jr.;John Petty Jr.;SG;76,5;6'4.5'';77,75;6'5.75'';186.20;81,5;6'9.5'';103,5;8'7.5'';5,6;8,5;9,0;27,5;34,0;11,51;3,17;3,35;;;;;;;;;;;;;;;;;;;;;;;;;2021
242;2021;1630582;Yves;Pons;Yves Pons;PF;77,5;6'5.5'';78,75;6'6.75'';206.40;84,75;7'0.75'';104,0;8'8.0'';4,0;9,0;9,25;36,0;42,5;10,89;3,05;3,1;;;;;;;15-25;;;;;;;;;;;;;18-30;;;;19-25;2021
243;2021;1630554;Jason;Preston;Jason Preston;PG;75,0;6'3.0'';76,0;6'4.0'';180.60;80,5;6'8.5'';100,5;8'4.5'';5,45;8,5;9,25;30,5;38,5;10,82;3,08;3,13;;;;;;;13-25;;;;;;;;;;;;;14-30;;;;11-25;2021
244;2021;1630563;Joshua;Primo;Joshua Primo;SG;76,0;6'4.0'';77,0;6'5.0'';189.00;81,25;6'9.25'';102,5;8'6.5'';6,3;9,0;10,0;30,5;37,5;10,97;3,36;3,22;;;;;;;12-25;;;;;;;;;;;;;16-30;;;;14-25;2021
245;2021;1630576;Roko;Prkacin;Roko Prkacin;PF;79,5;6'7.5'';81,25;6'9.25'';225.40;83,0;6'11.0'';107,0;8'11.0'';7,0;8,75;9,25;;;;;;;;;;;;;;;;;;;;;;;;;;;;;;2021
246;2021;1629674;Neemias;Queta;Neemias Queta;C;83,25;6'11.25'';84,5;7'0.5'';248.40;88,0;7'4.0'';112,5;9'4.5'';7,6;9,25;10,5;27,0;33,0;11,85;3,5;3,29;;;;;;;9-25;;;;;;;;;;;;;20-30;;;;10-25;2021
247;2021;1630559;Austin;Reaves;Austin Reaves;SG;76,5;6'4.5'';77,75;6'5.75'';197.20;78,25;6'6.25'';101,0;8'5.0'';11,0;8,0;8,25;25,0;35,0;10,94;3,19;3,07;;;;;;;19-25;;;;;;;;;;;;;17-30;;;;13-25;2021
248;2021;1630526;Jeremiah;Robinson-Earl;Jeremiah Robinson-Earl;PF;79,75;6'7.75'';81,0;6'9.0'';242.40;81,75;6'9.75'';105,5;8'9.5'';8,9;9,0;9,75;27,0;32,0;11,64;3,15;3,29;;;;;;;15-25;;;;;;;;;;;;;17-30;;;;12-25;2021
249;2021;1630545;Terrence;Shannon Jr.;Terrence Shannon Jr.;SF;77,5;6'5.5'';78,5;6'6.5'';206.60;80,25;6'8.25'';100,0;8'4.0'';6,7;8,0;8,0;32,5;39,5;11,51;3,12;3,21;;;;;;;16-25;;;;;;;;;;;;;21-30;;;;16-25;2021
250;2021;1630549;Day'Ron;Sharpe;Day'Ron Sharpe;C;;;;;;;;;;;;;;;;;;;;;;;;;;;;;;;;;;;;;;;;;;2021
251;2021;1630579;Jericho;Sims;Jericho Sims;C;81,0;6'9.0'';82,0;6'10.0'';250.20;87,25;7'3.25'';106,0;8'10.0'';5,5;9,0;9,75;37,0;44,5;11,59;3,38;3,05;;;;;;;9-25;;;;;;;;;;;;;15-30;;;;12-25;2021
252;2021;1630531;Jaden;Springer;Jaden Springer;SG;75,0;6'3.0'';76,25;6'4.25'';202.00;79,75;6'7.75'';99,0;8'3.0'';6,3;8,5;9,75;34,5;41,5;11,46;3,1;3,13;;;;;;;;;;;;;;;;;;;;;;;;;2021
253;2021;1630569;DJ;Steward;DJ Steward;PG;72,75;6'0.75'';73,75;6'1.75'';162.20;79,0;6'7.0'';98,5;8'2.5'';5,0;8,5;9,0;34,5;38,5;11,14;3,1;3,08;;;;;;;14-25;;;;;;;;;;;;;17-30;;;;14-25;2021
254;2021;1630560;Cam;Thomas;Cam Thomas;SG;;;;;;;;;;;;;;;;;;;;;;;;;;;;;;;;;;;;;;;;;;2021
255;2021;1630550;JT;Thor;JT Thor;PF;80,5;6'8.5'';81,25;6'9.25'';203.00;87,25;7'3.25'';110,0;9'2.0'';6,1;9,25;9,5;31,5;35,0;12,19;3,08;3,06;;;;;;;12-25;;;;;;;;;;;;;19-30;;;;15-25;2021
256;2021;1630225;Isaiah;Todd;Isaiah Todd;PF;80,75;6'8.75'';82,0;6'10.0'';219.00;85,25;7'1.25'';107,5;8'11.5'';6,2;9,0;9,75;28,5;35,5;11,38;3,25;3,31;;;;;;;10-25;;;;;;;;;;;;;17-30;;;;10-25;2021
257;2021;1630613;Duane;Washington Jr.;Duane Washington Jr.;SG;74,25;6'2.25'';75,75;6'3.75'';196.80;79,75;6'7.75'';101,0;8'5.0'';5,1;8,25;8,75;29,5;35,5;11,5;3,06;3,17;;;;;;;15-25;;;;;;;;;;;;;21-30;;;;15-25;2021
258;2021;1630570;Trendon;Watford;Trendon Watford;PF;79,5;6'7.5'';80,75;6'8.75'';237.40;86,25;7'2.25'';105,0;8'9.0'';10,1;9,5;9,5;28,0;35,0;11,69;3,23;3,27;;;;;;;9-25;;;;;;;;;;;;;15-30;;;;12-25;2021
259;2021;1630580;Joe;Wieskamp;Joe Wieskamp;SF;77,75;6'5.75'';79,25;6'7.25'';204.80;83,0;6'11.0'';103,0;8'7.0'';4,1;8,5;9,25;30,0;42,0;10,7;3,18;3,04;;;;;;;17-25;;;;;;;;;;;;;21-30;;;;12-25;2021
260;2021;1630598;Aaron;Wiggins;Aaron Wiggins;SG-SF;76,5;6'4.5'';77,0;6'5.0'';190.00;81,75;6'9.75'';103,0;8'7.0'';5,0;8,75;8,5;29,5;36,0;11,2;3,0;3,04;;;;;;;19-25;;;;;;;;;;;;;18-30;;;;16-25;2021
261;2021;1630533;Ziaire;Williams;Ziaire Williams;SF;80,25;6'8.25'';81,75;6'9.75'';188.40;82,25;6'10.25'';106,5;8'10.5'';4,4;9,0;8,75;34,0;39,5;10,69;3,04;3,12;;;;;;;;;;;;;;;;;;;;;;;;;2021
262;2021;1630589;Moses;Wright;Moses Wright;PF;79,75;6'7.75'';81,0;6'9.0'';225.80;84,75;7'0.75'';107,0;8'11.0'';5,6;9,0;9,5;31,5;38,0;11,2;3,42;3,15;;;;;;;7-25;;;;;;;;;;;;;11-30;;;;7-25;2021
263;2021;1630593;McKinley;Wright IV;McKinley Wright IV;PG;71,25;5'11.25'';72,25;6'0.25'';192.20;77,25;6'5.25'';94,0;7'10.0'';6,7;8,5;9,0;31,5;38,0;10,76;3,12;3,08;;;;;;;13-25;;;;;;;;;;;;;22-30;;;;14-25;2021
264;2021;1630681;Marcus;Zegarowski;Marcus Zegarowski;PG;72,75;6'0.75'';74,0;6'2.0'';180.80;74,75;6'2.75'';96,0;8'0.0'';7,2;8,0;9,5;30,0;35,5;11,47;3,26;3,11;;;;;;;15-25;;;;;;;;;;;;;24-30;;;;16-25;2021
265;2022;1630534;Ochai;Agbaji;Ochai Agbaji;SG;76,5;6' 4.50'';77,75;6' 5.75'';216.80;82,25;6' 10.25'';104,0;8' 8.00'';5,4;8,75;9,5;32,0;39,0;10,77;3,11;3,13;;;;;;;;;;;;;;;;;;;;;;;;;2022
266;2022;1631116;Patrick;Baldwin Jr.;Patrick Baldwin Jr.;SF;81,25;6' 9.25'';82,25;6' 10.25'';230.80;85,75;7' 1.75'';110,5;9' 2.50'';8,9;8,75;9,5;23,5;26,5;12,25;3,3;3,45;;;;;;;15-25;;;;;;;;;;;;;18-30;;;;12-25;2022
267;2022;1631094;Paolo;Banchero;Paolo Banchero;PF;;;;;;;;;;;;;;;;;;;;;;;;;;;;;;;;;;;;;;;;;;2022
268;2022;1631230;Dominick;Barlow;Dominick Barlow;PF;80,75;6' 8.75'';81,75;6' 9.75'';221.00;87,0;7' 3.00'';108,5;9' 0.50'';5,9;9,0;10,5;28,5;34,0;11,29;3,19;3,33;;;;;;;14-25;;;;;;;;;;;;;18-30;;;;9-25;2022
269;2022;1630699;MarJon;Beauchamp;MarJon Beauchamp;SG;77,25;6' 5.25'';78,5;6' 6.50'';196.60;84,75;7' 0.75'';106,0;8' 10.00'';5,3;9,0;9,0;;;;;;;;;;;;;;;;;;;;;;;;;;;;;;2022
270;2022;1630656;Hugo;Besson;Hugo Besson;SG;76,5;6' 4.50'';77,75;6' 5.75'';180.40;77,5;6' 5.50'';102,0;8' 6.00'';8,8;7,5;8,5;24,5;31,5;11,36;3,25;3,4;;;;;;;20-25;;;;;;;;;;;;;22-30;;;;14-25;2022
271;2022;1631103;Malaki;Branham;Malaki Branham;SG;76,0;6' 4.00'';77,5;6' 5.50'';194.80;82,0;6' 10.00'';102,5;8' 6.50'';6,1;8,5;9,75;29,0;35,0;11,38;3,09;3,17;;;;;;;;;;;;;;;;;;;;;;;;;2022
272;2022;1631128;Christian;Braun;Christian Braun;SG;77,5;6' 5.50'';79,0;6' 7.00'';209.20;78,5;6' 6.50'';99,5;8' 3.50'';6,2;8,0;8,5;33,5;40,0;11,0;3,13;3,16;;;;;;;12-25;;;;;;;;;;;;;14-30;;;;12-25;2022
273;2022;1631112;Kendall;Brown;Kendall Brown;SF;78,25;6' 6.25'';79,5;6' 7.50'';201.20;83,0;6' 11.00'';103,0;8' 7.00'';4,9;9,0;9,0;31,5;41,0;11,57;3,05;3,29;;;;;;;8-25;;;;;;;;;;;;;15-30;;;;18-25;2022
274;2022;1631219;John;Butler Jr.;John Butler Jr.;PF;83,75;6' 11.75'';84,75;7' 0.75'';174.40;86,25;7' 2.25'';112,0;9' 4.00'';4,7;8,5;8,75;26,5;28,5;11,16;3,04;3,33;;;;;;;15-25;;;;;;;;;;;;;15-30;;;;15-25;2022
275;2022;1630577;Julian;Champagnie;Julian Champagnie;SF;78,25;6' 6.25'';79,75;6' 7.75'';212.40;82,0;6' 10.00'';107,0;8' 11.00'';7,1;8,75;9,25;28,5;34,5;11,39;3,04;3,14;;;;;;;19-25;;;;;;;;;;;;;17-30;;;;16-25;2022
276;2022;1631113;Kennedy;Chandler;Kennedy Chandler;PG;71,5;5' 11.50'';72,5;6' 0.50'';172.20;77,25;6' 5.25'';97,0;8' 1.00'';4,4;8,5;9,5;31,0;41,5;10,73;2,89;;;;;;;;;;;;;;;;;;;;;;;;;;2022
277;2022;1631108;Max;Christie;Max Christie;SG;76,25;6' 4.25'';77,75;6' 5.75'';189.20;80,75;6' 8.75'';102,5;8' 6.50'';4,8;8,0;8,5;32,0;37,5;10,82;3,02;3,07;;;;;;;16-25;;;;;;;;;;;;;18-30;;;;13-25;2022
278;2022;1630594;Kofi;Cockburn;Kofi Cockburn;C;83,0;6' 11.00'';84,0;7' 0.00'';293.00;88,25;7' 4.25'';110,5;9' 2.50'';8,2;9,75;10,25;29,5;32,5;12,11;3,31;3,33;;;;;;;7-25;;;;;;;;;;;;;14-30;;;;;2022
279;2022;1630700;Dyson;Daniels;Dyson Daniels;SG;78,0;6' 6.00'';79,5;6' 7.50'';195.20;82,5;6' 10.50'';105,0;8' 9.00'';4,9;8,5;9,75;29,0;34,0;10,81;2,81;3,22;;;;;;;;;;;;;;;;;;;;;;;;;2022
280;2022;1631098;Johnny;Davis;Johnny Davis;PG;76,25;6' 4.25'';77,75;6' 5.75'';196.40;80,5;6' 8.50'';103,5;8' 7.50'';6,7;8,5;10,25;;;;;;;;;;;;;;;;;;;;;;;;;;;;;;2022
281;2022;1631120;JD;Davison;JD Davison;PG;72,5;6' 0.50'';74,5;6' 2.50'';191.80;78,5;6' 6.50'';99,5;8' 3.50'';7,8;8,5;9,5;30,0;37,0;11,38;3,23;3,26;;;;;;;;;;;;;;;;;;;;;;;;;2022
282;2022;1630620;Darius;Days;Darius Days;SF-PF;;;;;;;;;;;;;;;;;;;;;;;;;;;;;;;;;;;;;;;;;;2022
283;2022;1631217;Moussa;Diabate;Moussa Diabate;C;81,25;6' 9.25'';82,25;6' 10.25'';216.60;86,5;7' 2.50'';109,5;9' 1.50'';2,7;8,5;10,5;29,0;36,5;11,16;2,9;3,26;;;;;;;11-25;;;;;;;;;;;;;19-30;;;;;2022
284;2022;1631172;Ousmane;Dieng;Ousmane Dieng;SF;;;;;;;;;;;;;;;;;;;;;;;;;;;;;;;;;;;;;;;;;;2022
285;2022;1631215;Khalifa;Diop;Khalifa Diop;C;;;;;;;;;;;;;;;;;;;;;;;;;;;;;;;;;;;;;;;;;;2022
286;2022;1631105;Jalen;Duren;Jalen Duren;C;;;;;;;;;;;;;;;;;;;;;;;;;;;;;;;;;;;;;;;;;;2022
287;2022;1631106;Tari;Eason;Tari Eason;PF;78,75;6' 6.75'';80,0;6' 8.00'';217.40;86,0;7' 2.00'';107,5;8' 11.50'';5,9;9,25;11,0;;;;;;;;;;;;;;;;;;;;;;;;;;;;;;2022
288;2022;1631165;Keon;Ellis;Keon Ellis;SG;75,5;6' 3.50'';76,75;6' 4.75'';167.40;80,5;6' 8.50'';102,0;8' 6.00'';3,8;8,0;9,25;28,0;35,5;10,87;3,02;3,18;;;;;;;14-25;;;;;;;;;;;;;25-30;;;;15-25;2022
289;2022;1630701;Michael;Foster Jr.;Michael Foster Jr.;C;79,75;6' 7.75'';81,25;6' 9.25'';236.60;84,25;7' 0.25'';109,5;9' 1.50'';6,2;8,75;10,0;28,0;32,5;11,49;3,1;3,22;;;;;;;15-25;;;;;;;;;;;;;20-30;;;;14-25;2022
290;2022;1631221;Collin;Gillespie;Collin Gillespie;PG;73,5;6' 1.50'';74,75;6' 2.75'';195.80;76,0;6' 4.00'';98,0;8' 2.00'';8,6;8,25;9,0;26,5;33,0;10,95;3,01;3,21;;;;;;;18-25;;;;;;;;;;;;;23-30;;;;16-25;2022
291;2022;1631100;AJ;Griffin;AJ Griffin;SF;;;;;;;;;;;;;;;;;;;;;;;;;;;;;;;;;;;;;;;;;;2022
292;2022;1630702;Jaden;Hardy;Jaden Hardy;SG;;;;;;;;;;;;;;;;;;;;;;;;;;;;;;;;;;;;;;;;;;2022
293;2022;1631199;Ron;Harper Jr.;Ron Harper Jr.;SF;76,0;6' 4.00'';77,5;6' 5.50'';240.40;85,25;7' 1.25'';105,5;8' 9.50'';14,3;9,5;10,0;26,0;30,5;11,41;3,24;3,4;;;;;;;17-25;;;;;;;;;;;;;22-30;;;;15-25;2022
294;2022;1631096;Chet;Holmgren;Chet Holmgren;PF;;;;;;;;;;;;;;;;;;;;;;;;;;;;;;;;;;;;;;;;;;2022
295;2022;1631127;Harrison;Ingram;Harrison Ingram;SF;77,25;6' 5.25'';79,0;6' 7.00'';232.80;84,25;7' 0.25'';103,5;8' 7.50'';8,3;9,0;10,0;29,5;35,0;11,83;3,26;3,31;;;;;;;12-25;;;;;;;;;;;;;15-30;;;;13-25;2022
296;2022;1631093;Jaden;Ivey;Jaden Ivey;PG;;;;;;;;;;;;;;;;;;;;;;;;;;;;;;;;;;;;;;;;;;2022
297;2022;1631218;Trayce;Jackson-Davis;Trayce Jackson-Davis;C;;;;;;;;;;;;;;;;;;;;;;;;;;;;;;;;;;;;;;;;;;2022
298;2022;1631107;Nikola;Jovic;Nikola Jovic;SF;81,5;6' 9.50'';83,0;6' 11.00'';222.60;84,25;7' 0.25'';108,5;9' 0.50'';7,4;8,75;9,75;;;;;;;;;;;;;;;;;;;;;;;;;;;;;;2022
299;2022;1630548;Johnny;Juzang;Johnny Juzang;SG;77,25;6' 5.25'';78,5;6' 6.50'';208.60;83,0;6' 11.00'';102,5;8' 6.50'';7,5;8,5;9,5;27,5;32,5;11,03;3,17;3,29;;;;;;;;;;;;;;;;;;;;;;;;;2022
300;2022;1631130;Ismael;Kamagate;Ismael Kamagate;PF;;;;;;;;;;;;;;;;;;;;;;;;;;;;;;;;;;;;;;;;;;2022
301;2022;1631211;Trevor;Keels;Trevor Keels;SG;75,25;6' 3.25'';76,75;6' 4.75'';223.80;79,25;6' 7.25'';101,0;8' 5.00'';13,5;8,25;9,0;24,5;31,0;11,33;3,32;3,27;;;;;;;;;;;;;;;;;;;;;;;;;2022
302;2022;1631117;Walker;Kessler;Walker Kessler;C;84,25;7' 0.25'';85,0;7' 1.00'';256.00;88,25;7' 4.25'';113,0;9' 5.00'';14,7;8,5;8,5;;;;;;;;;;;;;;;;;;;;;;;;;;;;;;2022
303;2022;1631132;Christian;Koloko;Christian Koloko;C;82,75;6' 10.75'';84,0;7' 0.00'';221.00;89,25;7' 5.25'';113,0;9' 5.00'';5,7;9,0;10,75;28,0;33,5;11,3;3,19;3,27;;;;;;;9-25;;;;;;;;;;;;;15-30;;;;16-25;2022
304;2022;1631222;Jake;LaRavia;Jake LaRavia;PF;78,75;6' 6.75'';80,0;6' 8.00'';227.20;81,5;6' 9.50'';104,0;8' 8.00'';9,0;8,5;10,25;27,5;34,0;10,58;2,89;3,37;;;;;;;14-25;;;;;;;;;;;;;21-30;;;;17-25;2022
305;2022;1631171;Justin;Lewis;Justin Lewis;PF;78,25;6' 6.25'';79,5;6' 7.50'';235.40;86,5;7' 2.50'';105,5;8' 9.50'';7,3;9,0;10,5;32,5;35,0;11,49;3,02;3,23;;;;;;;19-25;;;;;;;;;;;;;17-30;;;;9-25;2022
306;2022;1630604;E.J.;Liddell;E.J. Liddell;PF;77,5;6' 5.50'';79,0;6' 7.00'';243.00;83,75;6' 11.75'';103,5;8' 7.50'';12,2;8,25;9,25;35,5;38,0;11,11;3,23;3,26;;;;;;;;;;;;;;;;;;;;;;;;;2022
307;2022;1631254;Kenneth;Lofton Jr.;Kenneth Lofton Jr.;PF-C;;;;;;;;;;;;;;;;;;;;;;;;;;;;;;;;;;;;;;;;;;2022
308;2022;1631213;Tyrese;Martin;Tyrese Martin;SG-SF;;;;;;;;;;;;;;;;;;;;;;;;;;;;;;;;;;;;;;;;;;2022
309;2022;1631097;Bennedict;Mathurin;Bennedict Mathurin;SG;76,5;6' 4.50'';78,0;6' 6.00'';204.60;81,0;6' 9.00'';104,0;8' 8.00'';5,7;8,5;9,75;;;;;;;;;;;;;;;;;;;;;;;;;;;;;;2022
310;2022;1630571;Matthew;Mayer;Matthew Mayer;SF;80,0;6' 8.00'';81,25;6' 9.25'';216.40;82,5;6' 10.50'';105,0;8' 9.00'';11,1;9,0;10,25;25,5;31,5;10,74;;3,39;;;;;;;;;;;;;;;;;;;;;;;;;2022
311;2022;1631121;Bryce;McGowens;Bryce McGowens;SG;77,25;6' 5.25'';78,5;6' 6.50'';181.20;80,75;6' 8.75'';103,5;8' 7.50'';5,4;8,75;9,5;29,5;34,0;11,12;3,16;3,27;;;;;;;11-25;;;;;;;;;;;;;18-30;;;;13-25;2022
312;2022;1631159;Leonard;Miller;Leonard Miller;SF;80,5;6' 8.50'';82,0;6' 10.00'';211.00;86,0;7' 2.00'';106,5;8' 10.50'';5,7;9,25;10,5;30,0;36,5;11,11;3,02;3,36;;;;;;;10-25;;;;;;;;;;;;;15-30;;;;;2022
313;2022;1631125;Josh;Minnott;Josh Minnott;PF;;;;;;;;;;;;;;;;;;;;;;;;;;;;;;;;;;;;;;;;;;2022
314;2022;1631198;Aminu;Mohammed;Aminu Mohammed;SG-SF;75,5;6' 3.50'';77,0;6' 5.00'';212.80;83,0;6' 11.00'';104,0;8' 8.00'';5,1;8,75;9,5;29,5;36,0;11,54;3,04;3,33;;;;;;;15-25;;;;;;;;;;;;;23-30;;;;11-25;2022
315;2022;1631129;Iverson;Molinar;Iverson Molinar;PG;74,25;6' 2.25'';75,25;6' 3.25'';183.20;80,0;6' 8.00'';101,0;8' 5.00'';4,8;8,5;9,5;31,0;38,0;11,23;3,1;3,19;;;;;;;12-25;;;;;;;;;;;;;20-30;;;;10-25;2022
316;2022;1631168;Jean;Montero;Jean Montero;PG;73,0;6' 1.00'';74,25;6' 2.25'';171.80;77,25;6' 5.25'';98,5;8' 2.50'';7,4;8,0;8,75;29,5;37,0;11,19;3,17;3,17;;;;;;;16-25;;;;;;;;;;;;;21-30;;;;15-25;2022
317;2022;1631111;Wendell;Moore;Wendell Moore;SG;76,25;6' 4.25'';77,5;6' 5.50'';217.20;84,5;7' 0.50'';101,0;8' 5.00'';7,5;8,75;10,25;32,5;38,5;10,94;3,21;3,3;;;;;;;;;;;;;;;;;;;;;;;;;2022
318;2022;1631099;Keegan;Murray;Keegan Murray;PF;;;;;;;;;;;;;;;;;;;;;;;;;;;;;;;;;;;;;;;;;;2022
319;2022;1629614;Andrew;Nembhard;Andrew Nembhard;PG;75,0;6' 3.00'';76,5;6' 4.50'';195.60;77,75;6' 5.75'';99,0;8' 3.00'';4,4;8,0;9,5;26,5;35,0;10,46;3,02;3,26;;;;;;;;;;;;;;;;;;;;;;;;;2022
320;2022;1630590;Scotty;Pippen Jr.;Scotty Pippen Jr.;PG;72,0;6' 0.00'';73,5;6' 1.50'';180.00;77,75;6' 5.75'';95,5;7' 11.50'';5,3;7,75;9,0;30,5;37,5;11,07;3,1;3,21;;;;;;;8-25;;;;;;;;;;;;;19-30;;;;14-25;2022
321;2022;1630629;Gabriele;Procida;Gabriele Procida;SG-SF;77,75;6' 5.75'';79,75;6' 7.75'';192.80;80,0;6' 8.00'';106,0;8' 10.00'';3,8;8,0;9,25;29,5;35,0;11,02;3,14;3,07;;;;;;;;;;;;;;;;;;;;;;;;;2022
322;2022;1631197;Jared;Rhoden;Jared Rhoden;SG-SF;;;;;;;;;;;;;;;;;;;;;;;;;;;;;;;;;;;;;;;;;;2022
323;2022;1631115;Orlando;Robinson;Orlando Robinson;C;81,75;6' 9.75'';83,0;6' 11.00'';244.40;88,0;7' 4.00'';111,0;9' 3.00'';9,5;8,75;10,0;23,0;27,5;11,4;3,23;3,55;;;;;;;15-25;;;;;;;;;;;;;18-30;;;;13-25;2022
324;2022;1631223;David;Roddy;David Roddy;PF;76,5;6' 4.50'';78,0;6' 6.00'';260.80;83,5;6' 11.50'';105,0;8' 9.00'';11,6;8,75;10,0;27,0;35,5;10,75;3,1;3,22;;;;;;;13-25;;;;;;;;;;;;;18-30;;;;13-25;2022
325;2022;1631157;Ryan;Rollins;Ryan Rollins;SG;74,0;6' 2.00'';75,25;6' 3.25'';179.20;81,75;6' 9.75'';100,5;8' 4.50'';5,0;8,0;8,5;30,5;36,5;11,26;3,28;3,07;;;;;;;15-25;;;;;;;;;;;;;17-30;;;;12-25;2022
326;2022;1631204;Marcus;Sasser;Marcus Sasser;PG;;;;;;;;;;;;;;;;;;;;;;;;;;;;;;;;;;;;;;;;;;2022
327;2022;1631220;Dereon;Seabron;Dereon Seabron;SG;76,75;6' 4.75'';77,75;6' 5.75'';182.40;80,75;6' 8.75'';103,5;8' 7.50'';4,0;8,5;9,5;30,5;38,0;11,03;3,04;3,12;;;;;;;11-25;;;;;;;;;;;;;17-30;;;;15-25;2022
328;2022;1631101;Shaedon;Sharpe;Shaedon Sharpe;SG;76,25;6' 4.25'';77,25;6' 5.25'';198.00;83,5;6' 11.50'';103,5;8' 7.50'';4,8;9,0;9,25;;;;;;;;;;;;;;;;;;;;;;;;;;;;;;2022
329;2022;1631173;Terquavion;Smith;Terquavion Smith;SG;74,25;6' 2.25'';75,75;6' 3.75'';165.20;78,5;6' 6.50'';98,0;8' 2.00'';3,8;8,5;8,0;30,5;38,5;10,63;3,03;3,14;;;;;;;13-25;;;;;;;;;;;;;19-30;;;;13-25;2022
330;2022;1631095;Jabari;Smith;Jabari Smith;PF;;;;;;;;;;;;;;;;;;;;;;;;;;;;;;;;;;;;;;;;;;2022
331;2022;1631110;Jeremy;Sochan;Jeremy Sochan;PF;;;;;;;;;;;;;;;;;;;;;;;;;;;;;;;;;;;;;;;;;;2022
332;2022;1631164;Matteo;Spagnolo;Matteo Spagnolo;PG;76,0;6' 4.00'';77,5;6' 5.50'';196.20;80,0;6' 8.00'';102,0;8' 6.00'';8,6;8,25;10,0;25,5;31,5;11,42;3,16;3,4;;;;;;;;;;;;;;;;;;;;;;;;;2022
333;2022;1631124;Julian;Strawther;Julian Strawther;SF;77,75;6' 5.75'';79,0;6' 7.00'';207.60;81,5;6' 9.50'';104,5;8' 8.50'';7,9;8,25;8,5;28,5;35,0;10,3;3,37;3,26;;;;;;;18-25;;;;;;;;;;;;;21-30;;;;14-25;2022
334;2022;1631207;Dalen;Terry;Dalen Terry;SG;78,0;6' 6.00'';79,25;6' 7.25'';195.20;84,75;7' 0.75'';106,0;8' 10.00'';5,4;8,5;9,0;;;;;;;;;;;;;;;;;;;;;;;;;;;;;;2022
335;2022;1631166;Drew;Timme;Drew Timme;C;80,25;6' 8.25'';81,25;6' 9.25'';231.60;86,0;7' 2.00'';107,5;8' 11.50'';15,7;9,0;10,0;25,5;31,5;11,71;3,31;3,38;;;;;;;11-25;;;;;;;;;;;;;13-30;;;;10-25;2022
336;2022;1631133;Jabari;Walker;Jabari Walker;PF;78,75;6' 6.75'';80,0;6' 8.00'';213.80;82,75;6' 10.75'';105,0;8' 9.00'';12,1;8,75;9,75;29,5;32,5;11,53;3,12;3,24;;;;;;;15-25;;;;;;;;;;;;;14-30;;;;11-25;2022
337;2022;1631102;TyTy;Washington Jr.;TyTy Washington Jr.;SG;74,25;6' 2.25'';75,75;6' 3.75'';196.40;80,0;6' 8.00'';99,5;8' 3.50'';12,0;8,5;9,25;;;;;;;;;;;;;;;;;;;;;;;;;;;;;;2022
338;2022;1631212;Peyton;Watson;Peyton Watson;SF;78,75;6' 6.75'';80,0;6' 8.00'';203.40;84,5;7' 0.50'';107,5;8' 11.50'';5,2;8,5;9,5;28,0;33,5;11,03;3,24;3,28;;;;;;;;;;;;;;;;;;;;;;;;;2022
339;2022;1631104;Blake;Wesley;Blake Wesley;SG;75,0;6' 3.00'';76,25;6' 4.25'';187.20;81,25;6' 9.25'';103,0;8' 7.00'';5,6;8,25;9,0;30,0;36,0;11,55;3,25;3,21;;;;;;;;;;;;;;;;;;;;;;;;;2022
340;2022;1631214;Alondes;Williams;Alondes Williams;SG;75,75;6' 3.75'';77,0;6' 5.00'';209.00;79,0;6' 7.00'';102,0;8' 6.00'';7,2;8,5;9,25;30,0;35,5;10,96;3,11;3,15;;;;;;;15-25;;;;;;;;;;;;;16-30;;;;11-25;2022
341;2022;1631114;Jalen;Williams;Jalen Williams;SG;76,5;6' 4.50'';77,75;6' 5.75'';209.20;86,25;7' 2.25'';105,5;8' 9.50'';8,9;8,5;9,5;33,5;39,0;11,13;3,17;3,11;;;;;;;13-25;;;;;;;;;;;;;21-30;;;;13-25;2022
342;2022;1631119;Jaylin;Williams;Jaylin Williams;C;80,75;6' 8.75'';82,0;6' 10.00'';236.60;85,0;7' 1.00'';108,5;9' 0.50'';8,0;8,5;10,5;24,5;30,0;11,64;3,1;3,5;;;;;;;10-25;;;;;;;;;;;;;16-30;;;;10-25;2022
343;2022;1630652;Trevion;Williams;Trevion Williams;C;79,25;6' 7.25'';80,75;6' 8.75'';264.60;86,75;7' 2.75'';108,5;9' 0.50'';10,8;9,0;10,25;27,5;30,0;12,75;3,46;3,48;;;;;;;7-25;;;;;;;;;;;;;14-30;;;;11-25;2022
344;2022;1631258;Bryson;Williams;Bryson Williams;PF-C;;;;;;;;;;;;;;;;;;;;;;;;;;;;;;;;;;;;;;;;;;2022
345;2022;1631109;Mark;Williams;Mark Williams;C;84,0;7' 0.00'';86,0;7' 2.00'';242.40;90,5;7' 6.50'';117,0;9' 9.00'';5,4;9,0;9,75;;;;;;;;;;;;;;;;;;;;;;;;;;;;;;2022
346;2022;1630592;Jalen;Wilson;Jalen Wilson;SF-PF;;;;;;;;;;;;;;;;;;;;;;;;;;;;;;;;;;;;;;;;;;2022
347;2022;1630855;Fanbo;Zeng;Fanbo Zeng;SF-PF;;;;;;;;;;;;;;;;;;;;;;;;;;;;;;;;;;;;;;;;;;2022
